test_id,PM2.5,PM10,O3
aotizhongxin_aq#0,22.65632,94.14001,44.29419
aotizhongxin_aq#1,25.70808,100.26809,32.61185
aotizhongxin_aq#10,44.27095,115.49564,83.43531
aotizhongxin_aq#11,45.60276,116.25628,91.89477
aotizhongxin_aq#12,46.82858,116.69570,98.70658
aotizhongxin_aq#13,47.95687,117.09825,103.69225
aotizhongxin_aq#14,48.99537,117.00096,106.81853
aotizhongxin_aq#15,49.95124,117.43027,108.17671
aotizhongxin_aq#16,50.83104,117.64968,107.95724
aotizhongxin_aq#17,51.64084,118.02255,106.42191
aotizhongxin_aq#18,52.38619,118.32682,103.87589
aotizhongxin_aq#19,53.07224,118.58692,100.64127
aotizhongxin_aq#2,28.51700,103.27638,26.24930
aotizhongxin_aq#20,53.70369,118.53772,97.03377
aotizhongxin_aq#21,54.28490,118.64107,93.34347
aotizhongxin_aq#22,54.81986,118.72615,89.82024
aotizhongxin_aq#23,55.31225,118.93089,86.66395
aotizhongxin_aq#24,55.76545,119.01495,84.01958
aotizhongxin_aq#25,56.18260,119.12016,81.97646
aotizhongxin_aq#26,56.56655,119.15741,80.57132
aotizhongxin_aq#27,56.91995,119.22394,79.79418
aotizhongxin_aq#28,57.24523,119.24645,79.59630
aotizhongxin_aq#29,57.54462,119.29261,79.89944
aotizhongxin_aq#3,31.10241,106.75669,24.77960
aotizhongxin_aq#30,57.82019,119.30475,80.60546
aotizhongxin_aq#31,58.07383,119.33275,81.60581
aotizhongxin_aq#32,58.30729,119.34243,82.79006
aotizhongxin_aq#33,58.52217,119.36438,84.05332
aotizhongxin_aq#34,58.71995,119.36878,85.30212
aotizhongxin_aq#35,58.90200,119.38399,86.45858
aotizhongxin_aq#36,59.06956,119.38823,87.46297
aotizhongxin_aq#37,59.22378,119.39778,88.27470
aotizhongxin_aq#38,59.36573,119.39713,88.87192
aotizhongxin_aq#39,59.49639,119.40506,89.25000
aotizhongxin_aq#4,33.48208,108.58471,27.52885
aotizhongxin_aq#40,59.61665,119.40689,89.41906
aotizhongxin_aq#41,59.72734,119.41307,89.40108
aotizhongxin_aq#42,59.82922,119.41552,89.22658
aotizhongxin_aq#43,59.92300,119.41984,88.93133
aotizhongxin_aq#44,60.00931,119.41927,88.55325
aotizhongxin_aq#45,60.08876,119.42164,88.12961
aotizhongxin_aq#46,60.16188,119.42220,87.69474
aotizhongxin_aq#47,60.22919,119.42499,87.27833
aotizhongxin_aq#5,35.67240,110.99090,33.65815
aotizhongxin_aq#6,37.68842,111.94180,42.24339
aotizhongxin_aq#7,39.54403,113.12583,52.34795
aotizhongxin_aq#8,41.25197,114.00184,63.08473
aotizhongxin_aq#9,42.82401,115.11410,73.66538
badaling_aq#0,32.47197,61.11753,12.77178
badaling_aq#1,35.44759,68.89442,16.22327
badaling_aq#10,52.34334,131.65567,94.80969
badaling_aq#11,50.04254,136.04063,99.47061
badaling_aq#12,53.98157,138.91269,102.00348
badaling_aq#13,55.42119,141.88348,102.49061
badaling_aq#14,55.30466,145.59776,101.14124
badaling_aq#15,55.88056,146.60563,98.26266
badaling_aq#16,56.61576,148.31779,94.22807
badaling_aq#17,57.22588,147.20542,89.44387
badaling_aq#18,58.18835,146.67136,84.31852
badaling_aq#19,58.38545,145.60397,79.23506
badaling_aq#2,38.31529,77.21604,21.10244
badaling_aq#20,56.69235,145.61399,74.52844
badaling_aq#21,57.63221,147.40509,70.46882
badaling_aq#22,58.71622,150.37975,67.25120
badaling_aq#23,59.12065,150.85651,64.99122
badaling_aq#24,59.14896,150.33681,63.72682
badaling_aq#25,59.11475,149.77174,63.42489
badaling_aq#26,59.06768,148.94840,63.99188
badaling_aq#27,58.99040,148.05388,65.28719
badaling_aq#28,58.89990,147.23584,67.13814
badaling_aq#29,58.86188,146.49237,69.35531
badaling_aq#3,41.38256,88.94410,28.18461
badaling_aq#30,58.82021,145.83993,71.74716
badaling_aq#31,58.78041,145.28838,74.13313
badaling_aq#32,59.09162,144.82829,76.35437
badaling_aq#33,58.86868,144.44979,78.28183
badaling_aq#34,58.79485,144.14278,79.82134
badaling_aq#35,58.98462,143.89603,80.91581
badaling_aq#36,58.76643,143.69929,81.54466
badaling_aq#37,58.70505,143.54363,81.72086
badaling_aq#38,58.74016,143.42121,81.48612
badaling_aq#39,58.72710,143.32546,80.90470
badaling_aq#4,44.41974,98.68045,37.25697
badaling_aq#40,58.70074,143.25095,80.05645
badaling_aq#41,58.67980,143.19321,79.02961
badaling_aq#42,58.63380,143.14866,77.91396
badaling_aq#43,58.63518,143.11441,76.79458
badaling_aq#44,58.75679,143.08816,75.74676
badaling_aq#45,58.70691,143.06812,74.83210
badaling_aq#46,58.64637,143.05285,74.09604
badaling_aq#47,58.62850,143.04126,73.56668
badaling_aq#5,46.43863,104.00803,47.69146
badaling_aq#6,48.33439,115.16619,58.71712
badaling_aq#7,50.04418,119.76636,69.56281
badaling_aq#8,46.17890,124.62858,79.53937
badaling_aq#9,50.46850,128.29726,88.08848
beibuxinqu_aq#0,11.36965,102.08809,12.90177
beibuxinqu_aq#1,11.27466,107.64543,7.86509
beibuxinqu_aq#10,8.58510,135.40363,120.00199
beibuxinqu_aq#11,8.73144,137.19508,130.73593
beibuxinqu_aq#12,12.69921,138.81276,137.42542
beibuxinqu_aq#13,13.03293,140.27352,139.48688
beibuxinqu_aq#14,12.91210,141.59259,137.03990
beibuxinqu_aq#15,14.09580,142.78370,130.24648
beibuxinqu_aq#16,13.28675,143.85928,119.84634
beibuxinqu_aq#17,14.03858,144.83052,106.61775
beibuxinqu_aq#18,14.76018,145.70755,91.72349
beibuxinqu_aq#19,14.47303,146.49951,76.26643
beibuxinqu_aq#2,11.35507,112.09300,8.38695
beibuxinqu_aq#20,14.64651,147.21464,61.50731
beibuxinqu_aq#21,13.24444,147.86041,48.50823
beibuxinqu_aq#22,12.91482,148.44353,38.27829
beibuxinqu_aq#23,12.87338,148.97010,31.50756
beibuxinqu_aq#24,13.06183,149.44558,28.68545
beibuxinqu_aq#25,13.20884,149.87494,29.92674
beibuxinqu_aq#26,12.93864,150.26265,35.09185
beibuxinqu_aq#27,13.02377,150.61276,43.69826
beibuxinqu_aq#28,12.86492,150.92890,55.05371
beibuxinqu_aq#29,12.55477,151.21438,68.23575
beibuxinqu_aq#3,10.98638,116.14811,13.52984
beibuxinqu_aq#30,12.42743,151.47217,82.23254
beibuxinqu_aq#31,12.48055,151.70495,95.96421
beibuxinqu_aq#32,12.01745,151.91515,108.41502
beibuxinqu_aq#33,12.64349,152.10496,118.66675
beibuxinqu_aq#34,12.57444,152.27635,126.00250
beibuxinqu_aq#35,12.66843,152.43113,129.92569
beibuxinqu_aq#36,13.02044,152.57089,130.21998
beibuxinqu_aq#37,13.27995,152.69709,126.93698
beibuxinqu_aq#38,13.30426,152.81105,120.40669
beibuxinqu_aq#39,13.82148,152.91395,111.18993
beibuxinqu_aq#4,7.24004,119.80720,23.57184
beibuxinqu_aq#40,13.30556,153.00688,100.04590
beibuxinqu_aq#41,13.47356,153.09079,87.85809
beibuxinqu_aq#42,13.95502,153.16656,75.57584
beibuxinqu_aq#43,13.71659,153.23498,64.13186
beibuxinqu_aq#44,13.80917,153.29676,54.37999
beibuxinqu_aq#45,12.90858,153.35256,47.02540
beibuxinqu_aq#46,12.59233,153.40294,42.58013
beibuxinqu_aq#47,13.02733,153.44843,41.32320
beibuxinqu_aq#5,1.68477,123.11155,37.07969
beibuxinqu_aq#6,0.00000,126.09535,53.53007
beibuxinqu_aq#7,2.83487,128.78972,71.19991
beibuxinqu_aq#8,3.56390,131.22273,89.15383
beibuxinqu_aq#9,3.36150,133.41974,105.72303
BL0#0,20.30750,24.51715,
BL0#1,20.30750,23.20574,
BL0#10,20.30750,17.90972,
BL0#11,20.30750,18.08711,
BL0#12,20.30750,18.35014,
BL0#13,20.30750,18.67310,
BL0#14,20.30750,19.03156,
BL0#15,20.30750,19.40327,
BL0#16,20.30750,19.76886,
BL0#17,20.30750,20.11232,
BL0#18,20.30750,20.42116,
BL0#19,20.30750,20.68647,
BL0#2,20.30750,21.96403,
BL0#20,20.30750,20.90277,
BL0#21,20.30750,21.06772,
BL0#22,20.30750,21.18173,
BL0#23,20.30750,21.24752,
BL0#24,20.30750,21.26962,
BL0#25,20.30750,21.25387,
BL0#26,20.30750,21.20696,
BL0#27,20.30750,21.13597,
BL0#28,20.30750,21.04800,
BL0#29,20.30750,20.94980,
BL0#3,20.30750,20.85263,
BL0#30,20.30750,20.84754,
BL0#31,20.30750,20.74662,
BL0#32,20.30750,20.65151,
BL0#33,20.30750,20.56573,
BL0#34,20.30750,20.49178,
BL0#35,20.30750,20.43126,
BL0#36,20.30750,20.38485,
BL0#37,20.30750,20.35249,
BL0#38,20.30750,20.33348,
BL0#39,20.30750,20.32660,
BL0#4,20.30750,19.90090,
BL0#40,20.30750,20.33026,
BL0#41,20.30750,20.34263,
BL0#42,20.30750,20.36177,
BL0#43,20.30750,20.38572,
BL0#44,20.30750,20.41262,
BL0#45,20.30750,20.44074,
BL0#46,20.30750,20.46860,
BL0#47,20.30750,20.49493,
BL0#5,20.30750,19.12818,
BL0#6,20.30750,18.54218,
BL0#7,20.30750,18.14078,
BL0#8,20.30750,17.91357,
BL0#9,20.30750,17.84372,
CD1#0,31.17324,38.69062,
CD1#1,31.17324,36.92027,
CD1#10,31.17324,33.02683,
CD1#11,31.17324,32.77442,
CD1#12,31.17324,32.80490,
CD1#13,31.17324,32.03378,
CD1#14,31.17324,32.23487,
CD1#15,31.17324,31.90656,
CD1#16,31.17324,31.48169,
CD1#17,31.17324,30.62743,
CD1#18,31.17324,30.79931,
CD1#19,31.17324,30.42130,
CD1#2,31.17324,35.76838,
CD1#20,31.17324,30.23446,
CD1#21,31.17324,30.50209,
CD1#22,31.17324,30.09074,
CD1#23,31.17324,30.55870,
CD1#24,31.17324,30.62554,
CD1#25,31.17324,30.74328,
CD1#26,31.17324,30.80820,
CD1#27,31.17324,30.86485,
CD1#28,31.17324,30.90717,
CD1#29,31.17324,30.94123,
CD1#3,31.17324,34.83492,
CD1#30,31.17324,30.96809,
CD1#31,31.17324,30.98952,
CD1#32,31.17324,31.00657,
CD1#33,31.17324,31.02016,
CD1#34,31.17324,31.03098,
CD1#35,31.17324,31.03961,
CD1#36,31.17324,31.04649,
CD1#37,31.17324,31.05198,
CD1#38,31.17324,31.05635,
CD1#39,31.17324,31.05983,
CD1#4,31.17324,34.17159,
CD1#40,31.17324,31.06261,
CD1#41,31.17324,31.06482,
CD1#42,31.17324,31.06659,
CD1#43,31.17324,31.06799,
CD1#44,31.17324,31.06911,
CD1#45,31.17324,31.07001,
CD1#46,31.17324,31.07072,
CD1#47,31.17324,31.07129,
CD1#5,31.17324,34.10522,
CD1#6,31.17324,33.78691,
CD1#7,31.17324,33.43297,
CD1#8,31.17324,33.46250,
CD1#9,31.17324,33.24279,
CD9#0,10.41557,10.93114,
CD9#1,10.43099,10.82877,
CD9#10,10.19830,10.76972,
CD9#11,10.06713,10.81626,
CD9#12,10.33971,10.95897,
CD9#13,10.46520,11.05257,
CD9#14,10.34461,11.00626,
CD9#15,10.42082,11.05650,
CD9#16,10.30460,10.98622,
CD9#17,10.42154,11.02393,
CD9#18,10.34112,10.94792,
CD9#19,10.49999,11.03636,
CD9#2,10.42945,10.87664,
CD9#20,10.30258,10.97589,
CD9#21,10.34330,11.11013,
CD9#22,10.30886,11.06152,
CD9#23,10.34621,11.06036,
CD9#24,10.25487,11.06110,
CD9#25,10.24657,11.06110,
CD9#26,10.24001,11.06110,
CD9#27,10.24681,11.06110,
CD9#28,10.22578,11.06110,
CD9#29,10.20891,11.06110,
CD9#3,10.44349,10.86399,
CD9#30,10.18428,11.06110,
CD9#31,10.11745,11.06110,
CD9#32,10.12472,11.06110,
CD9#33,10.16026,11.06110,
CD9#34,10.04052,11.06110,
CD9#35,9.95699,11.06110,
CD9#36,10.11529,11.06110,
CD9#37,10.20484,11.06110,
CD9#38,10.12146,11.06110,
CD9#39,10.16988,11.06110,
CD9#4,10.41720,10.89717,
CD9#40,10.09013,11.06110,
CD9#41,10.16478,11.06110,
CD9#42,10.10860,11.06110,
CD9#43,10.21368,11.06110,
CD9#44,10.07560,11.06110,
CD9#45,10.10004,11.06110,
CD9#46,10.07319,11.06110,
CD9#47,10.09533,11.06110,
CD9#5,10.39736,10.90539,
CD9#6,10.36620,10.81881,
CD9#7,10.30332,11.00526,
CD9#8,10.31617,10.83212,
CD9#9,10.37412,10.87863,
daxing_aq#0,29.49588,160.69997,2.57216
daxing_aq#1,39.54413,163.09124,0.61084
daxing_aq#10,54.44409,158.07371,80.61754
daxing_aq#11,55.15593,157.12372,88.66064
daxing_aq#12,55.85543,157.44400,98.75446
daxing_aq#13,56.51897,156.66900,105.88162
daxing_aq#14,56.96988,157.00279,107.53542
daxing_aq#15,57.31762,156.36268,109.69224
daxing_aq#16,57.47851,156.69234,109.18498
daxing_aq#17,57.60003,156.15776,105.44828
daxing_aq#18,57.69457,156.47274,102.28778
daxing_aq#19,57.87800,156.02199,97.73206
daxing_aq#2,40.20184,164.13285,0.00000
daxing_aq#20,57.69162,156.31640,92.01198
daxing_aq#21,57.66064,155.93320,87.41107
daxing_aq#22,58.13515,156.20425,82.64037
daxing_aq#23,57.32993,155.87621,78.06455
daxing_aq#24,57.68419,156.12306,74.90367
daxing_aq#25,57.29183,155.84064,72.21577
daxing_aq#26,57.34164,156.06367,70.24244
daxing_aq#27,57.30941,155.81939,69.51003
daxing_aq#28,57.21854,156.01971,69.28501
daxing_aq#29,57.18197,155.80760,69.66413
daxing_aq#3,42.33020,162.14733,0.00000
daxing_aq#30,57.13531,155.98675,70.79262
daxing_aq#31,57.16501,155.80201,72.11926
daxing_aq#32,57.15289,155.96167,73.67078
daxing_aq#33,57.03861,155.80037,75.44246
daxing_aq#34,57.01475,155.94231,77.06925
daxing_aq#35,57.00294,155.80121,78.58171
daxing_aq#36,56.98872,155.92713,79.95980
daxing_aq#37,56.97363,155.80350,81.00880
daxing_aq#38,56.96657,155.91506,81.79458
daxing_aq#39,56.96254,155.80661,82.33045
daxing_aq#4,45.47515,162.07625,1.19401
daxing_aq#40,56.96586,155.90531,82.54752
daxing_aq#41,56.96962,155.81009,82.53760
daxing_aq#42,56.97340,155.89734,82.34141
daxing_aq#43,56.97176,155.81366,81.95849
daxing_aq#44,56.98707,155.89074,81.47891
daxing_aq#45,56.99402,155.81716,80.94522
daxing_aq#46,56.97577,155.88522,80.37619
daxing_aq#47,57.01886,155.82050,79.83655
daxing_aq#5,47.33043,160.21396,3.44394
daxing_aq#6,49.24809,160.26606,19.00340
daxing_aq#7,49.46183,158.78150,38.25991
daxing_aq#8,50.42961,158.97528,48.75926
daxing_aq#9,53.41186,157.79513,65.13119
dingling_aq#0,7.47569,43.66118,65.47600
dingling_aq#1,10.02149,50.72988,65.76206
dingling_aq#10,30.78968,94.84246,94.65589
dingling_aq#11,36.21797,96.26410,98.75947
dingling_aq#12,38.74409,97.52543,99.22335
dingling_aq#13,40.59296,98.56444,100.47487
dingling_aq#14,39.28414,99.36029,101.15088
dingling_aq#15,41.10939,99.94481,101.79219
dingling_aq#16,43.61042,100.37846,99.76870
dingling_aq#17,45.54113,100.71961,96.62949
dingling_aq#18,46.55879,101.00611,94.43620
dingling_aq#19,47.66663,101.25340,92.23333
dingling_aq#2,11.09286,58.38919,65.66395
dingling_aq#20,48.18007,101.46323,89.75973
dingling_aq#21,49.70105,101.63409,88.23339
dingling_aq#22,50.02999,101.76761,86.55886
dingling_aq#23,50.69687,101.86972,85.21753
dingling_aq#24,50.66167,101.94841,85.71997
dingling_aq#25,51.23821,102.01103,85.59272
dingling_aq#26,50.79701,102.06255,83.77109
dingling_aq#27,50.96478,102.10557,84.39108
dingling_aq#28,50.64538,102.14119,85.16227
dingling_aq#29,50.63147,102.17000,85.70727
dingling_aq#3,13.48706,66.55817,68.68830
dingling_aq#30,50.26028,102.19280,87.40623
dingling_aq#31,50.48881,102.21063,88.07427
dingling_aq#32,50.36681,102.22464,91.36415
dingling_aq#33,50.38499,102.23585,93.70614
dingling_aq#34,50.25166,102.24498,94.40790
dingling_aq#35,50.63483,102.25247,96.91203
dingling_aq#36,50.68874,102.25858,97.85148
dingling_aq#37,51.03556,102.26352,98.82293
dingling_aq#38,50.92820,102.26745,100.91446
dingling_aq#39,51.33331,102.27056,101.84152
dingling_aq#4,13.07529,74.40410,73.86171
dingling_aq#40,51.64152,102.27303,101.13811
dingling_aq#41,51.83000,102.27501,98.60077
dingling_aq#42,51.23585,102.27662,94.59477
dingling_aq#43,51.39996,102.27792,92.52206
dingling_aq#44,51.16638,102.27898,92.21196
dingling_aq#45,51.63549,102.27983,92.61014
dingling_aq#46,51.65373,102.28051,92.30150
dingling_aq#47,51.89971,102.28105,91.12501
dingling_aq#5,13.61715,80.99279,78.10023
dingling_aq#6,16.14017,85.88256,81.62660
dingling_aq#7,22.62637,89.22949,84.68661
dingling_aq#8,23.36892,91.53146,88.11185
dingling_aq#9,26.59840,93.29708,92.44758
donggaocun_aq#0,27.59346,38.94111,85.73368
donggaocun_aq#1,28.22732,48.96686,86.02163
donggaocun_aq#10,31.79154,78.90794,98.67475
donggaocun_aq#11,32.02313,80.61534,103.35239
donggaocun_aq#12,32.23255,81.66243,104.45517
donggaocun_aq#13,32.42193,82.97798,104.95763
donggaocun_aq#14,32.59318,84.21925,106.43496
donggaocun_aq#15,32.74805,85.40244,106.13034
donggaocun_aq#16,32.88809,86.42243,105.78129
donggaocun_aq#17,33.01473,87.27437,104.10308
donggaocun_aq#18,33.12925,87.74633,102.41788
donggaocun_aq#19,33.23280,88.64694,101.54078
donggaocun_aq#2,28.80004,54.03133,86.35641
donggaocun_aq#20,33.32645,89.38674,98.82976
donggaocun_aq#21,33.41113,90.24806,96.45395
donggaocun_aq#22,33.48771,91.12701,94.33154
donggaocun_aq#23,33.55696,90.68339,94.62920
donggaocun_aq#24,33.61958,90.80490,94.34800
donggaocun_aq#25,33.67621,91.25454,94.13324
donggaocun_aq#26,33.72742,91.59877,94.30562
donggaocun_aq#27,33.77373,91.90364,95.00416
donggaocun_aq#28,33.81560,92.17313,95.96446
donggaocun_aq#29,33.85347,92.41590,96.67681
donggaocun_aq#3,29.31794,58.51369,86.34954
donggaocun_aq#30,33.88772,92.62801,97.30274
donggaocun_aq#31,33.91868,92.82079,96.26371
donggaocun_aq#32,33.94668,92.98653,99.70133
donggaocun_aq#33,33.97201,93.13243,101.36664
donggaocun_aq#34,33.99490,93.26351,103.17115
donggaocun_aq#35,34.01561,93.37916,103.72112
donggaocun_aq#36,34.03434,93.47502,103.75532
donggaocun_aq#37,34.05127,93.56542,104.36793
donggaocun_aq#38,34.06658,93.64657,107.35862
donggaocun_aq#39,34.08043,93.71964,107.72016
donggaocun_aq#4,29.78627,62.44489,87.09678
donggaocun_aq#40,34.09295,93.78397,108.34758
donggaocun_aq#41,34.10428,93.84021,107.26531
donggaocun_aq#42,34.11451,93.88603,105.84301
donggaocun_aq#43,34.12377,93.93345,105.77136
donggaocun_aq#44,34.13215,93.97464,103.95507
donggaocun_aq#45,34.13972,94.01403,101.56390
donggaocun_aq#46,34.14657,94.05057,99.31879
donggaocun_aq#47,34.15276,94.06563,100.16086
donggaocun_aq#5,30.20977,66.21411,87.74655
donggaocun_aq#6,30.59275,69.34558,89.70378
donggaocun_aq#7,30.93907,72.46580,91.19750
donggaocun_aq#8,31.25225,74.87510,94.09665
donggaocun_aq#9,31.53545,76.94434,96.03710
dongsi_aq#0,30.17463,108.70698,33.95508
dongsi_aq#1,33.13488,108.51877,22.61114
dongsi_aq#10,50.29453,110.72700,94.05698
dongsi_aq#11,51.45297,110.52698,103.87080
dongsi_aq#12,52.50765,109.93222,111.46309
dongsi_aq#13,53.46789,109.90039,116.65615
dongsi_aq#14,54.34214,111.45399,119.45420
dongsi_aq#15,55.13809,111.05134,120.01708
dongsi_aq#16,55.86276,110.51930,118.62759
dongsi_aq#17,56.52254,109.76151,115.65548
dongsi_aq#18,57.12322,109.15705,111.52085
dongsi_aq#19,57.67012,109.06694,106.65961
dongsi_aq#2,35.83002,109.40479,17.37108
dongsi_aq#20,58.16804,109.19189,101.49274
dongsi_aq#21,58.62137,109.24017,96.40100
dongsi_aq#22,59.03410,109.23911,91.70578
dongsi_aq#23,59.40987,108.34667,87.65670
dongsi_aq#24,59.75198,108.25821,84.42552
dongsi_aq#25,60.06346,108.26394,82.10611
dongsi_aq#26,60.34705,108.23696,80.71943
dongsi_aq#27,60.60524,108.22588,80.22259
dongsi_aq#28,60.84030,108.23091,80.52082
dongsi_aq#29,61.05432,108.20872,81.48099
dongsi_aq#3,38.28381,109.76891,17.70414
dongsi_aq#30,61.24917,108.20937,82.94585
dongsi_aq#31,61.42657,108.20446,84.74769
dongsi_aq#32,61.58808,108.17542,86.72080
dongsi_aq#33,61.73513,108.20005,88.71198
dongsi_aq#34,61.86901,108.19671,90.58877
dongsi_aq#35,61.99091,108.20280,92.24507
dongsi_aq#36,62.10188,108.22091,93.60437
dongsi_aq#37,62.20292,108.22187,94.62044
dongsi_aq#38,62.29491,108.17457,95.27608
dongsi_aq#39,62.37866,108.18683,95.58004
dongsi_aq#4,40.51785,109.60368,22.79194
dongsi_aq#40,62.45491,108.20303,95.56275
dongsi_aq#41,62.52433,108.22610,95.27128
dongsi_aq#42,62.58753,108.24451,94.76383
dongsi_aq#43,62.64508,108.24725,94.10438
dongsi_aq#44,62.69747,108.24345,93.35767
dongsi_aq#45,62.74517,108.24198,92.58489
dongsi_aq#46,62.78860,108.24201,91.84018
dongsi_aq#47,62.82814,108.26918,91.16810
dongsi_aq#5,42.55182,110.33253,31.62286
dongsi_aq#6,44.40364,110.31102,43.08576
dongsi_aq#7,46.08963,110.47219,56.05662
dongsi_aq#8,47.62462,111.42608,69.47374
dongsi_aq#9,49.02216,110.61711,82.39808
dongsihuan_aq#0,29.00059,109.62635,0.00000
dongsihuan_aq#1,28.66591,114.91590,0.00000
dongsihuan_aq#10,28.77099,136.19089,67.95905
dongsihuan_aq#11,28.77086,137.02645,79.86405
dongsihuan_aq#12,28.77092,137.71862,104.48923
dongsihuan_aq#13,28.77089,138.28931,96.03167
dongsihuan_aq#14,28.77090,138.75667,100.97220
dongsihuan_aq#15,28.77090,139.15704,101.80412
dongsihuan_aq#16,28.77090,139.48610,101.35940
dongsihuan_aq#17,28.77090,139.76278,99.20212
dongsihuan_aq#18,28.77090,139.99178,95.46413
dongsihuan_aq#19,28.77090,140.17924,89.62036
dongsihuan_aq#2,28.81889,119.36175,0.00000
dongsihuan_aq#20,28.77090,140.33692,82.31970
dongsihuan_aq#21,28.77090,140.46689,76.67625
dongsihuan_aq#22,28.77090,140.57515,66.77997
dongsihuan_aq#23,28.77090,140.67197,57.12042
dongsihuan_aq#24,28.77090,140.74936,53.15546
dongsihuan_aq#25,28.77090,140.81193,49.58867
dongsihuan_aq#26,28.77090,140.86387,47.52834
dongsihuan_aq#27,28.77090,140.90699,46.84176
dongsihuan_aq#28,28.77090,140.94279,47.33486
dongsihuan_aq#29,28.77090,140.97250,48.77466
dongsihuan_aq#3,28.74896,123.05762,0.00000
dongsihuan_aq#30,28.77090,140.99716,50.91026
dongsihuan_aq#31,28.77090,141.01763,53.49123
dongsihuan_aq#32,28.77090,141.03463,56.28292
dongsihuan_aq#33,28.77090,141.04873,59.07812
dongsihuan_aq#34,28.77090,141.06044,61.70498
dongsihuan_aq#35,28.77090,141.07016,64.03154
dongsihuan_aq#36,28.77090,141.07823,65.96688
dongsihuan_aq#37,28.77090,141.08493,67.45971
dongsihuan_aq#38,28.77090,141.09049,68.49464
dongsihuan_aq#39,28.77090,141.09510,69.08697
dongsihuan_aq#4,28.78093,126.13580,0.00000
dongsihuan_aq#40,28.77090,141.09893,69.27650
dongsihuan_aq#41,28.77090,141.10212,69.12085
dongsihuan_aq#42,28.77090,141.10476,68.68888
dongsihuan_aq#43,28.77090,141.10695,68.05455
dongsihuan_aq#44,28.77090,141.10877,67.29150
dongsihuan_aq#45,28.77090,141.11028,66.46859
dongsihuan_aq#46,28.77090,141.11153,65.64653
dongsihuan_aq#47,28.77090,141.11257,64.87551
dongsihuan_aq#5,28.76632,128.67984,0.00000
dongsihuan_aq#6,28.77300,130.78844,0.00000
dongsihuan_aq#7,28.76994,132.53490,13.44396
dongsihuan_aq#8,28.77134,133.97794,34.32355
dongsihuan_aq#9,28.77070,135.18490,53.49713
fangshan_aq#0,26.62047,113.73200,13.88714
fangshan_aq#1,28.72731,115.78494,11.87345
fangshan_aq#10,43.42618,129.40088,121.82058
fangshan_aq#11,44.64941,130.57282,127.99658
fangshan_aq#12,45.87654,131.67337,131.50601
fangshan_aq#13,46.97442,132.70530,131.67773
fangshan_aq#14,47.88290,133.67172,133.79487
fangshan_aq#15,48.74879,134.57594,130.35751
fangshan_aq#16,49.67278,135.42134,124.91932
fangshan_aq#17,49.97189,136.21130,116.98472
fangshan_aq#18,50.39251,136.94912,107.57049
fangshan_aq#19,50.60667,137.63800,99.03389
fangshan_aq#2,30.79742,117.52754,13.61791
fangshan_aq#20,50.90328,138.28100,90.18562
fangshan_aq#21,51.75988,138.88105,86.57261
fangshan_aq#22,51.76497,139.44091,81.10494
fangshan_aq#23,52.14371,139.96322,76.86710
fangshan_aq#24,52.40639,140.45044,75.89361
fangshan_aq#25,52.63181,140.90489,76.38819
fangshan_aq#26,52.80200,141.32873,78.12977
fangshan_aq#27,52.97433,141.72403,80.96073
fangshan_aq#28,53.13262,142.09267,84.50817
fangshan_aq#29,53.27558,142.43645,88.39680
fangshan_aq#3,32.56734,119.20469,21.97427
fangshan_aq#30,53.40469,142.75704,92.27824
fangshan_aq#31,53.52413,143.05600,95.85408
fangshan_aq#32,53.63417,143.33477,98.89182
fangshan_aq#33,53.73516,143.59472,101.23343
fangshan_aq#34,53.82783,143.83713,102.79701
fangshan_aq#35,53.91307,144.06316,103.57230
fangshan_aq#36,53.99146,144.27393,103.61130
fangshan_aq#37,54.06353,144.47046,103.01544
fangshan_aq#38,54.12978,144.65372,101.92072
fangshan_aq#39,54.19070,144.82460,100.48236
fangshan_aq#4,34.42474,120.84487,33.92085
fangshan_aq#40,54.24670,144.98394,98.86005
fangshan_aq#41,54.29820,145.13252,97.20505
fangshan_aq#42,54.34554,145.27106,95.64966
fangshan_aq#43,54.38907,145.40024,94.29974
fangshan_aq#44,54.42909,145.52069,93.23029
fangshan_aq#45,54.46589,145.63301,92.48402
fangshan_aq#46,54.49973,145.73774,92.07267
fangshan_aq#47,54.53083,145.83540,91.98046
fangshan_aq#5,36.59366,122.43838,49.01636
fangshan_aq#6,38.71346,123.97307,65.63779
fangshan_aq#7,39.96130,125.44033,82.39772
fangshan_aq#8,40.82568,126.83516,99.85127
fangshan_aq#9,42.57273,128.15540,112.94385
fengtaihuayuan_aq#0,31.20650,121.93829,11.72356
fengtaihuayuan_aq#1,33.31938,124.25285,8.97193
fengtaihuayuan_aq#10,44.47709,132.37193,108.66686
fengtaihuayuan_aq#11,45.09191,132.97547,114.98947
fengtaihuayuan_aq#12,45.62997,133.53323,118.51744
fengtaihuayuan_aq#13,45.50918,134.04845,119.39934
fengtaihuayuan_aq#14,47.07523,134.52419,117.94666
fengtaihuayuan_aq#15,47.36731,134.96333,114.58922
fengtaihuayuan_aq#16,47.02631,135.36857,109.82865
fengtaihuayuan_aq#17,47.90991,135.74240,104.19341
fengtaihuayuan_aq#18,48.14409,136.08719,98.19826
fengtaihuayuan_aq#19,47.74838,136.40511,92.31049
fengtaihuayuan_aq#2,35.12772,125.44391,12.07053
fengtaihuayuan_aq#20,47.43495,136.69821,86.92406
fengtaihuayuan_aq#21,47.97186,136.96836,82.34263
fengtaihuayuan_aq#22,47.42290,137.21733,78.77111
fengtaihuayuan_aq#23,47.80564,137.44675,76.31541
fengtaihuayuan_aq#24,47.80630,137.65812,74.98896
fengtaihuayuan_aq#25,47.80890,137.85283,74.72484
fengtaihuayuan_aq#26,47.81204,138.03219,75.39174
fengtaihuayuan_aq#27,47.83782,138.19739,76.81218
fengtaihuayuan_aq#28,47.81856,138.34952,78.78129
fengtaihuayuan_aq#29,47.78089,138.48963,81.08496
fengtaihuayuan_aq#3,36.15558,126.55252,19.97990
fengtaihuayuan_aq#30,47.78122,138.61863,83.51599
fengtaihuayuan_aq#31,47.77138,138.73742,85.88752
fengtaihuayuan_aq#32,47.76851,138.84679,88.04314
fengtaihuayuan_aq#33,47.76089,138.94748,89.86350
fengtaihuayuan_aq#34,47.75117,139.04017,91.26934
fengtaihuayuan_aq#35,47.74219,139.12551,92.22137
fengtaihuayuan_aq#36,47.73296,139.20406,92.71737
fengtaihuayuan_aq#37,47.74907,139.27637,92.78713
fengtaihuayuan_aq#38,47.68944,139.34293,92.48583
fengtaihuayuan_aq#39,47.68246,139.40420,91.88670
fengtaihuayuan_aq#4,37.99806,127.58313,31.47273
fengtaihuayuan_aq#40,47.70070,139.46059,91.07332
fengtaihuayuan_aq#41,47.66406,139.51250,90.13238
fengtaihuayuan_aq#42,47.65383,139.56027,89.14724
fengtaihuayuan_aq#43,47.66937,139.60424,88.19258
fengtaihuayuan_aq#44,47.68004,139.64471,87.33044
fengtaihuayuan_aq#45,47.65278,139.68195,86.60768
fengtaihuayuan_aq#46,47.67148,139.71623,86.05489
fengtaihuayuan_aq#47,47.64897,139.74778,85.68655
fengtaihuayuan_aq#5,40.06590,128.54019,45.24563
fengtaihuayuan_aq#6,41.07929,129.42810,60.02040
fengtaihuayuan_aq#7,42.17219,130.25114,74.62930
fengtaihuayuan_aq#8,42.96703,131.01349,88.08059
fengtaihuayuan_aq#9,43.75091,131.71915,99.60272
GN0#0,23.73937,15.02371,
GN0#1,23.74038,15.34189,
GN0#10,23.74048,13.97354,
GN0#11,23.74048,13.66172,
GN0#12,23.74048,14.32861,
GN0#13,23.74048,14.44301,
GN0#14,23.74048,14.57128,
GN0#15,23.74048,14.91860,
GN0#16,23.74048,15.06058,
GN0#17,23.74048,15.41728,
GN0#18,23.74048,16.51554,
GN0#19,23.74048,16.23895,
GN0#2,23.74047,15.10106,
GN0#20,23.74048,15.86925,
GN0#21,23.74048,16.17794,
GN0#22,23.74048,14.49381,
GN0#23,23.74048,13.90272,
GN0#24,23.74048,14.03324,
GN0#25,23.74048,14.03324,
GN0#26,23.74048,14.03324,
GN0#27,23.74048,14.03324,
GN0#28,23.74048,14.03324,
GN0#29,23.74048,14.03324,
GN0#3,23.74048,14.71020,
GN0#30,23.74048,14.03324,
GN0#31,23.74048,14.03324,
GN0#32,23.74048,14.03324,
GN0#33,23.74048,14.03324,
GN0#34,23.74048,14.03324,
GN0#35,23.74048,14.03324,
GN0#36,23.74048,14.03324,
GN0#37,23.74048,14.03324,
GN0#38,23.74048,14.03324,
GN0#39,23.74048,14.03324,
GN0#4,23.74048,14.30846,
GN0#40,23.74048,14.03324,
GN0#41,23.74048,14.03324,
GN0#42,23.74048,14.03324,
GN0#43,23.74048,14.03324,
GN0#44,23.74048,14.03324,
GN0#45,23.74048,14.03324,
GN0#46,23.74048,14.03324,
GN0#47,23.74048,14.03324,
GN0#5,23.74048,13.78017,
GN0#6,23.74048,13.92493,
GN0#7,23.74048,13.79087,
GN0#8,23.74048,14.00361,
GN0#9,23.74048,13.70635,
GN3#0,17.56677,22.42519,
GN3#1,17.56677,22.61513,
GN3#10,17.56677,23.32824,
GN3#11,17.56677,23.35366,
GN3#12,17.56677,23.37445,
GN3#13,17.56677,23.39145,
GN3#14,17.56677,23.40536,
GN3#15,17.56677,23.41673,
GN3#16,17.56677,23.42603,
GN3#17,17.56677,23.43363,
GN3#18,17.56677,23.43985,
GN3#19,17.56677,23.44494,
GN3#2,17.56677,22.77047,
GN3#20,17.56677,23.44910,
GN3#21,17.56677,23.45250,
GN3#22,17.56677,23.45529,
GN3#23,17.56677,23.45756,
GN3#24,17.56677,23.45942,
GN3#25,17.56677,23.46094,
GN3#26,17.56677,23.46219,
GN3#27,17.56677,23.46321,
GN3#28,17.56677,23.46404,
GN3#29,17.56677,23.46472,
GN3#3,17.56677,22.89750,
GN3#30,17.56677,23.46528,
GN3#31,17.56677,23.46573,
GN3#32,17.56677,23.46610,
GN3#33,17.56677,23.46641,
GN3#34,17.56677,23.46666,
GN3#35,17.56677,23.46686,
GN3#36,17.56677,23.46703,
GN3#37,17.56677,23.46716,
GN3#38,17.56677,23.46728,
GN3#39,17.56677,23.46737,
GN3#4,17.56677,23.00140,
GN3#40,17.56677,23.46744,
GN3#41,17.56677,23.46750,
GN3#42,17.56677,23.46755,
GN3#43,17.56677,23.46759,
GN3#44,17.56677,23.46763,
GN3#45,17.56677,23.46765,
GN3#46,17.56677,23.46768,
GN3#47,17.56677,23.46769,
GN3#5,17.56677,23.08636,
GN3#6,17.56677,23.15585,
GN3#7,17.56677,23.21268,
GN3#8,17.56677,23.25915,
GN3#9,17.56677,23.29716,
GR4#0,8.01545,10.49832,
GR4#1,8.80094,10.73504,
GR4#10,12.37584,11.47869,
GR4#11,12.54864,11.49798,
GR4#12,12.69715,11.51299,
GR4#13,12.82480,11.52467,
GR4#14,12.93451,11.53375,
GR4#15,13.02880,11.54083,
GR4#16,13.10984,11.54633,
GR4#17,13.17950,11.55062,
GR4#18,13.23937,11.55395,
GR4#19,13.29082,11.55654,
GR4#2,9.47606,10.91925,
GR4#20,13.33505,11.55856,
GR4#21,13.37306,11.56013,
GR4#22,13.40573,11.56136,
GR4#23,13.43381,11.56231,
GR4#24,13.45794,11.56305,
GR4#25,13.47868,11.56362,
GR4#26,13.49651,11.56407,
GR4#27,13.51184,11.56442,
GR4#28,13.52501,11.56469,
GR4#29,13.53632,11.56490,
GR4#3,10.05632,11.06262,
GR4#30,13.54605,11.56507,
GR4#31,13.55442,11.56520,
GR4#32,13.56160,11.56530,
GR4#33,13.56778,11.56537,
GR4#34,13.57309,11.56543,
GR4#35,13.57765,11.56548,
GR4#36,13.58157,11.56552,
GR4#37,13.58494,11.56555,
GR4#38,13.58784,11.56557,
GR4#39,13.59033,11.56559,
GR4#4,10.55504,11.17418,
GR4#40,13.59247,11.56560,
GR4#41,13.59431,11.56561,
GR4#42,13.59589,11.56562,
GR4#43,13.59725,11.56562,
GR4#44,13.59842,11.56563,
GR4#45,13.59942,11.56563,
GR4#46,13.60028,11.56564,
GR4#47,13.60103,11.56564,
GR4#5,10.98368,11.26100,
GR4#6,11.35209,11.32857,
GR4#7,11.66874,11.38115,
GR4#8,11.94089,11.42207,
GR4#9,12.17480,11.45391,
GR9#0,16.20240,23.11536,
GR9#1,16.56661,23.45034,
GR9#10,18.52329,24.85792,
GR9#11,18.64285,24.91718,
GR9#12,18.74980,24.96697,
GR9#13,18.84548,25.00879,
GR9#14,18.93108,25.04393,
GR9#15,19.00765,25.07345,
GR9#16,19.07615,25.09825,
GR9#17,19.13743,25.11909,
GR9#18,19.19225,25.13659,
GR9#19,19.24129,25.15130,
GR9#2,16.89243,23.73481,
GR9#20,19.28516,25.16365,
GR9#21,19.32441,25.17403,
GR9#22,19.35952,25.18275,
GR9#23,19.39093,25.19008,
GR9#24,19.41903,25.19623,
GR9#25,19.44416,25.20140,
GR9#26,19.46665,25.20574,
GR9#27,19.48676,25.20939,
GR9#28,19.50476,25.21246,
GR9#29,19.52086,25.21503,
GR9#3,17.18390,23.97364,
GR9#30,19.53526,25.21719,
GR9#31,19.54814,25.21901,
GR9#32,19.55967,25.22054,
GR9#33,19.56998,25.22182,
GR9#34,19.57920,25.22290,
GR9#35,19.58745,25.22380,
GR9#36,19.59484,25.22457,
GR9#37,19.60144,25.22520,
GR9#38,19.60735,25.22574,
GR9#39,19.61263,25.22619,
GR9#4,17.44465,24.17429,
GR9#40,19.61736,25.22657,
GR9#41,19.62159,25.22689,
GR9#42,19.62537,25.22716,
GR9#43,19.62876,25.22738,
GR9#44,19.63178,25.22757,
GR9#45,19.63449,25.22773,
GR9#46,19.63692,25.22786,
GR9#47,19.63908,25.22797,
GR9#5,17.67791,24.34286,
GR9#6,17.88658,24.48448,
GR9#7,18.07325,24.60345,
GR9#8,18.24025,24.70340,
GR9#9,18.38965,24.78737,
guanyuan_aq#0,24.88392,107.28755,29.87856
guanyuan_aq#1,28.64435,116.97332,20.58882
guanyuan_aq#10,50.42846,156.82406,96.85036
guanyuan_aq#11,51.70805,149.19688,105.53075
guanyuan_aq#12,52.84364,143.42349,112.01122
guanyuan_aq#13,53.85142,144.54981,116.22087
guanyuan_aq#14,54.74579,146.15682,118.24713
guanyuan_aq#15,55.53951,146.45398,118.30494
guanyuan_aq#16,56.24389,145.43088,116.70268
guanyuan_aq#17,56.86900,143.01844,113.80731
guanyuan_aq#18,57.42377,142.03831,110.01138
guanyuan_aq#19,57.91609,141.57403,105.70352
guanyuan_aq#2,32.31268,123.43676,17.44949
guanyuan_aq#20,58.35301,143.64707,101.24387
guanyuan_aq#21,58.74076,144.51942,96.94533
guanyuan_aq#22,59.08487,142.61295,93.06075
guanyuan_aq#23,59.39025,141.88976,89.77605
guanyuan_aq#24,59.66126,141.38427,87.20887
guanyuan_aq#25,59.90177,139.95804,85.41168
guanyuan_aq#26,60.11522,139.06192,84.37881
guanyuan_aq#27,60.30464,139.07418,84.05594
guanyuan_aq#28,60.47275,138.34468,84.35143
guanyuan_aq#29,60.62193,132.54704,85.14809
guanyuan_aq#3,35.58949,127.02539,19.68871
guanyuan_aq#30,60.75433,128.84685,86.31486
guanyuan_aq#31,60.87182,130.99468,87.71750
guanyuan_aq#32,60.97610,131.48419,89.22777
guanyuan_aq#33,61.06863,133.86184,90.73079
guanyuan_aq#34,61.15076,132.25116,92.13038
guanyuan_aq#35,61.22364,135.79430,93.35229
guanyuan_aq#36,61.28832,138.50718,94.34556
guanyuan_aq#37,61.34572,138.30176,95.08212
guanyuan_aq#38,61.39666,137.85445,95.55496
guanyuan_aq#39,61.44186,137.91631,95.77527
guanyuan_aq#4,38.53144,131.81919,26.30868
guanyuan_aq#40,61.48198,138.49732,95.76883
guanyuan_aq#41,61.51758,139.63096,95.57201
guanyuan_aq#42,61.54918,140.14824,95.22774
guanyuan_aq#43,61.57722,140.43351,94.78169
guanyuan_aq#44,61.60211,139.64924,94.27888
guanyuan_aq#45,61.62419,139.35169,93.76089
guanyuan_aq#46,61.64379,140.19887,93.26366
guanyuan_aq#47,61.66118,140.54542,92.81611
guanyuan_aq#5,41.14554,148.31828,36.18608
guanyuan_aq#6,43.46895,159.36321,48.16473
guanyuan_aq#7,45.53131,155.99706,61.13571
guanyuan_aq#8,47.36194,156.33188,74.10164
guanyuan_aq#9,48.98660,151.88253,86.22360
gucheng_aq#0,31.11845,93.61525,0.00000
gucheng_aq#1,31.34561,94.75825,0.00000
gucheng_aq#10,30.83395,82.11552,104.27929
gucheng_aq#11,31.11464,97.55541,117.96188
gucheng_aq#12,31.33022,108.70748,127.54679
gucheng_aq#13,31.30627,113.59435,132.86627
gucheng_aq#14,30.89168,115.54179,134.06567
gucheng_aq#15,31.32851,117.75456,131.55592
gucheng_aq#16,31.24447,119.48936,125.95357
gucheng_aq#17,31.65146,118.93718,118.01374
gucheng_aq#18,31.07180,119.23961,108.56172
gucheng_aq#19,30.08145,119.08768,98.42784
gucheng_aq#2,31.81955,95.45419,0.00000
gucheng_aq#20,30.43244,119.05638,88.38985
gucheng_aq#21,29.97033,118.91949,79.12580
gucheng_aq#22,29.75001,118.47297,71.17936
gucheng_aq#23,29.00259,116.64386,64.93863
gucheng_aq#24,28.85505,115.91220,60.62803
gucheng_aq#25,28.82319,118.33816,58.31255
gucheng_aq#26,28.75673,119.42591,57.91236
gucheng_aq#27,28.86205,118.10323,59.22561
gucheng_aq#28,28.91273,118.02485,61.95692
gucheng_aq#29,28.77291,119.14939,65.74888
gucheng_aq#3,31.06848,95.31749,0.00000
gucheng_aq#30,28.70123,120.11093,70.21402
gucheng_aq#31,28.81006,121.17189,74.96501
gucheng_aq#32,28.85567,120.99322,79.64128
gucheng_aq#33,28.82614,119.90600,83.93056
gucheng_aq#34,28.89494,117.84910,87.58455
gucheng_aq#35,28.85558,119.36428,90.42832
gucheng_aq#36,28.82535,117.75855,92.36354
gucheng_aq#37,28.82871,118.91589,93.36608
gucheng_aq#38,28.88685,119.56051,93.47875
gucheng_aq#39,28.82559,119.65733,92.80036
gucheng_aq#4,30.70715,101.41427,0.00000
gucheng_aq#40,28.83737,118.31566,91.47222
gucheng_aq#41,28.78030,117.10505,89.66338
gucheng_aq#42,28.86159,114.57864,87.55564
gucheng_aq#43,29.00047,114.63778,85.32957
gucheng_aq#44,28.95125,116.85023,83.15225
gucheng_aq#45,29.01605,116.09658,81.16741
gucheng_aq#46,29.04695,113.24989,79.48835
gucheng_aq#47,29.15177,111.44659,78.19377
gucheng_aq#5,31.70412,93.39126,3.88019
gucheng_aq#6,32.21527,78.33485,23.87316
gucheng_aq#7,31.43925,61.59875,45.47589
gucheng_aq#8,31.11399,64.22867,67.01172
gucheng_aq#9,31.32456,70.55192,87.00934
huairou_aq#0,15.38133,58.21323,70.40054
huairou_aq#1,15.38133,66.91631,74.35685
huairou_aq#10,15.38133,104.28230,99.29551
huairou_aq#11,15.38133,105.50676,100.19995
huairou_aq#12,15.38133,106.65190,100.41915
huairou_aq#13,15.38133,107.26684,100.05383
huairou_aq#14,15.38133,107.94597,102.19455
huairou_aq#15,15.38133,108.55001,101.28984
huairou_aq#16,15.38133,109.49344,100.15191
huairou_aq#17,15.38133,110.37683,98.86756
huairou_aq#18,15.38133,110.17807,96.82761
huairou_aq#19,15.38133,111.64984,93.89868
huairou_aq#2,15.38133,74.55408,78.08227
huairou_aq#20,15.38133,112.68740,91.66313
huairou_aq#21,15.38133,111.91816,90.58887
huairou_aq#22,15.38133,111.08489,92.33411
huairou_aq#23,15.38133,111.66442,92.00543
huairou_aq#24,15.38133,112.19796,92.09146
huairou_aq#25,15.38133,112.53321,92.27296
huairou_aq#26,15.38133,112.82252,92.51880
huairou_aq#27,15.38133,113.06154,92.80086
huairou_aq#28,15.38133,113.26582,93.09505
huairou_aq#29,15.38133,113.42959,93.38177
huairou_aq#3,15.38133,80.86516,81.83481
huairou_aq#30,15.38133,113.57009,93.64613
huairou_aq#31,15.38133,113.69997,93.87773
huairou_aq#32,15.38133,113.78694,94.07032
huairou_aq#33,15.38133,113.86213,94.22124
huairou_aq#34,15.38133,113.93480,94.33083
huairou_aq#35,15.38133,113.98262,94.40172
huairou_aq#36,15.38133,114.02581,94.43821
huairou_aq#37,15.38133,114.05233,94.44565
huairou_aq#38,15.38133,114.07898,94.42989
huairou_aq#39,15.38133,114.10217,94.39688
huairou_aq#4,15.38133,86.32652,85.29881
huairou_aq#40,15.38133,114.13361,94.35226
huairou_aq#41,15.38133,114.16246,94.30110
huairou_aq#42,15.38133,114.16063,94.24778
huairou_aq#43,15.38133,114.20434,94.19584
huairou_aq#44,15.38133,114.23551,94.14797
huairou_aq#45,15.38133,114.21631,94.10604
huairou_aq#46,15.38133,114.19498,94.07120
huairou_aq#47,15.38133,114.21241,94.04390
huairou_aq#5,15.38133,90.65815,88.55696
huairou_aq#6,15.38133,94.42502,90.80188
huairou_aq#7,15.38133,98.03739,92.20542
huairou_aq#8,15.38133,100.28630,95.67801
huairou_aq#9,15.38133,102.26545,97.64582
HV1#0,25.93404,31.75078,
HV1#1,24.48765,30.17156,
HV1#10,19.84836,24.64444,
HV1#11,19.72326,24.46984,
HV1#12,19.62532,24.32975,
HV1#13,19.54864,24.21736,
HV1#14,19.48861,24.12717,
HV1#15,19.44162,24.05482,
HV1#16,19.40482,23.99676,
HV1#17,19.37602,23.95018,
HV1#18,19.35347,23.91281,
HV1#19,19.33581,23.88282,
HV1#2,23.35529,28.90449,
HV1#20,19.32199,23.85876,
HV1#21,19.31117,23.83946,
HV1#22,19.30270,23.82397,
HV1#23,19.29607,23.81155,
HV1#24,19.29088,23.80157,
HV1#25,19.28681,23.79357,
HV1#26,19.28363,23.78716,
HV1#27,19.28114,23.78201,
HV1#28,19.27919,23.77787,
HV1#29,19.27766,23.77456,
HV1#3,22.46878,27.88786,
HV1#30,19.27646,23.77190,
HV1#31,19.27553,23.76976,
HV1#32,19.27480,23.76805,
HV1#33,19.27422,23.76668,
HV1#34,19.27377,23.76558,
HV1#35,19.27342,23.76469,
HV1#36,19.27315,23.76398,
HV1#37,19.27293,23.76341,
HV1#38,19.27276,23.76296,
HV1#39,19.27263,23.76259,
HV1#4,21.77475,27.07217,
HV1#40,19.27253,23.76230,
HV1#41,19.27245,23.76206,
HV1#42,19.27238,23.76187,
HV1#43,19.27233,23.76172,
HV1#44,19.27229,23.76160,
HV1#45,19.27226,23.76150,
HV1#46,19.27224,23.76142,
HV1#47,19.27222,23.76136,
HV1#5,21.23140,26.41772,
HV1#6,20.80602,25.89262,
HV1#7,20.47299,25.47131,
HV1#8,20.21227,25.13327,
HV1#9,20.00816,24.86205,
KF1#0,9.70539,11.11223,
KF1#1,9.74173,11.09341,
KF1#10,9.74173,11.12093,
KF1#11,9.74173,11.12278,
KF1#12,9.74173,11.12525,
KF1#13,9.74173,11.12277,
KF1#14,9.74173,11.12275,
KF1#15,9.74173,11.12420,
KF1#16,9.74173,11.12339,
KF1#17,9.74173,11.12301,
KF1#18,9.74173,11.12369,
KF1#19,9.74173,11.12352,
KF1#2,9.74173,11.14697,
KF1#20,9.74173,11.12322,
KF1#21,9.74173,11.12349,
KF1#22,9.74173,11.12351,
KF1#23,9.74173,11.12335,
KF1#24,9.74173,11.12343,
KF1#25,9.74173,11.12348,
KF1#26,9.74173,11.12340,
KF1#27,9.74173,11.12342,
KF1#28,9.74173,11.12345,
KF1#29,9.74173,11.12342,
KF1#3,9.74173,11.12746,
KF1#30,9.74173,11.12342,
KF1#31,9.74173,11.12344,
KF1#32,9.74173,11.12343,
KF1#33,9.74173,11.12342,
KF1#34,9.74173,11.12343,
KF1#35,9.74173,11.12343,
KF1#36,9.74173,11.12343,
KF1#37,9.74173,11.12343,
KF1#38,9.74173,11.12343,
KF1#39,9.74173,11.12343,
KF1#4,9.74173,11.10751,
KF1#40,9.74173,11.12343,
KF1#41,9.74173,11.12343,
KF1#42,9.74173,11.12343,
KF1#43,9.74173,11.12343,
KF1#44,9.74173,11.12343,
KF1#45,9.74173,11.12343,
KF1#46,9.74173,11.12343,
KF1#47,9.74173,11.12343,
KF1#5,9.74173,11.13014,
KF1#6,9.74173,11.12884,
KF1#7,9.74173,11.11647,
KF1#8,9.74173,11.12425,
KF1#9,9.74173,11.12700,
liulihe_aq#0,9.57182,20.77335,91.52599
liulihe_aq#1,9.13658,35.93023,85.92352
liulihe_aq#10,10.54031,93.56087,83.76364
liulihe_aq#11,10.90322,89.49460,85.24819
liulihe_aq#12,10.85106,102.99307,86.76616
liulihe_aq#13,10.74669,110.28200,88.44013
liulihe_aq#14,9.72233,117.43083,93.02880
liulihe_aq#15,10.82603,123.69967,94.65200
liulihe_aq#16,10.81459,125.69388,95.40257
liulihe_aq#17,9.95333,125.79347,95.17703
liulihe_aq#18,9.40492,127.45440,93.75058
liulihe_aq#19,9.24991,128.49153,91.46281
liulihe_aq#2,8.53981,58.67907,81.85915
liulihe_aq#20,8.49624,127.60413,90.61031
liulihe_aq#21,9.13625,122.72351,91.84115
liulihe_aq#22,10.42527,130.99204,91.06810
liulihe_aq#23,10.59273,131.33332,91.59213
liulihe_aq#24,10.47980,128.65093,90.85111
liulihe_aq#25,10.51755,128.99969,90.49302
liulihe_aq#26,10.56931,123.97209,89.85765
liulihe_aq#27,10.55919,127.25754,89.14956
liulihe_aq#28,10.56631,121.07632,88.33037
liulihe_aq#29,10.44354,136.12946,87.69825
liulihe_aq#3,8.65647,68.91876,78.86657
liulihe_aq#30,10.52904,138.80231,87.02058
liulihe_aq#31,10.40917,139.04522,86.33849
liulihe_aq#32,10.48240,142.37939,85.63437
liulihe_aq#33,10.45387,143.99839,85.27220
liulihe_aq#34,10.39580,144.77393,85.42524
liulihe_aq#35,10.36432,145.04774,85.53416
liulihe_aq#36,10.36885,144.83300,85.70694
liulihe_aq#37,10.37790,145.44418,85.86603
liulihe_aq#38,10.46675,145.54763,85.29229
liulihe_aq#39,10.37102,145.86143,85.39733
liulihe_aq#4,8.57438,74.68296,77.35746
liulihe_aq#40,10.37201,145.29375,85.64220
liulihe_aq#41,10.44671,144.90372,86.03662
liulihe_aq#42,10.49428,143.11062,86.62855
liulihe_aq#43,10.50772,142.58098,87.33483
liulihe_aq#44,10.57309,140.19574,87.59770
liulihe_aq#45,10.51758,140.80955,87.26930
liulihe_aq#46,10.40578,145.75928,87.36875
liulihe_aq#47,10.39125,149.30028,87.10137
liulihe_aq#5,9.98990,81.85493,76.26474
liulihe_aq#6,9.00409,87.36161,76.58053
liulihe_aq#7,10.38613,98.21485,78.09581
liulihe_aq#8,9.54181,96.26264,80.77034
liulihe_aq#9,9.87074,85.49551,82.95981
LW2#0,20.91359,24.26335,
LW2#1,22.62302,25.39035,
LW2#10,23.55808,30.37457,
LW2#11,23.60674,29.45502,
LW2#12,23.64579,29.72318,
LW2#13,23.67697,30.40046,
LW2#14,23.70187,30.58629,
LW2#15,23.72178,30.75237,
LW2#16,23.73768,31.21053,
LW2#17,23.75039,30.97837,
LW2#18,23.76054,31.34338,
LW2#19,23.76865,31.31728,
LW2#2,21.98861,26.47112,
LW2#20,23.77514,31.32139,
LW2#21,23.78032,31.65947,
LW2#22,23.78445,31.12321,
LW2#23,23.78776,30.24095,
LW2#24,23.79040,30.46367,
LW2#25,23.79251,30.53950,
LW2#26,23.79420,30.61172,
LW2#27,23.79555,30.66843,
LW2#28,23.79663,30.71407,
LW2#29,23.79749,30.75068,
LW2#3,22.77140,27.32409,
LW2#30,23.79817,30.78007,
LW2#31,23.79872,30.80364,
LW2#32,23.79916,30.82257,
LW2#33,23.79951,30.83775,
LW2#34,23.79979,30.84993,
LW2#35,23.80002,30.85971,
LW2#36,23.80020,30.86756,
LW2#37,23.80034,30.87386,
LW2#38,23.80045,30.87891,
LW2#39,23.80054,30.88296,
LW2#4,22.82518,27.97615,
LW2#40,23.80062,30.88622,
LW2#41,23.80068,30.88883,
LW2#42,23.80072,30.89093,
LW2#43,23.80076,30.89261,
LW2#44,23.80079,30.89396,
LW2#45,23.80081,30.89504,
LW2#46,23.80083,30.89591,
LW2#47,23.80085,30.89661,
LW2#5,23.06273,28.58676,
LW2#6,23.20568,29.15563,
LW2#7,23.32288,29.53491,
LW2#8,23.42137,29.83641,
LW2#9,23.49638,30.17968,
mentougou_aq#0,12.01646,42.01934,84.75844
mentougou_aq#1,11.73925,40.59499,79.99727
mentougou_aq#10,11.31726,38.58599,96.05227
mentougou_aq#11,11.21736,38.88890,98.70909
mentougou_aq#12,11.37306,38.75859,100.82641
mentougou_aq#13,11.49954,49.51629,102.37232
mentougou_aq#14,11.49047,49.67248,103.35885
mentougou_aq#15,11.84091,48.11146,103.83241
mentougou_aq#16,12.00861,48.58145,103.86393
mentougou_aq#17,11.94637,50.36879,103.53930
mentougou_aq#18,11.40517,50.15347,102.95074
mentougou_aq#19,10.26350,50.49719,102.18948
mentougou_aq#2,12.02872,41.20675,77.40338
mentougou_aq#20,10.91972,50.56155,101.33995
mentougou_aq#21,11.57820,50.71485,100.47559
mentougou_aq#22,11.43085,49.67483,99.65620
mentougou_aq#23,11.43825,48.51091,98.92673
mentougou_aq#24,11.43820,48.73322,98.31727
mentougou_aq#25,11.43820,49.54183,97.84401
mentougou_aq#26,11.43820,50.03577,97.51099
mentougou_aq#27,11.43820,49.73200,97.31221
mentougou_aq#28,11.43820,48.99544,97.23402
mentougou_aq#29,11.43820,47.79973,97.25758
mentougou_aq#3,11.76354,40.94424,76.71613
mentougou_aq#30,11.43820,47.42239,97.36108
mentougou_aq#31,11.43820,46.43167,97.52181
mentougou_aq#32,11.43820,47.04855,97.71782
mentougou_aq#33,11.43820,47.47338,97.92919
mentougou_aq#34,11.43820,47.00058,98.13896
mentougou_aq#35,11.43820,47.54484,98.33366
mentougou_aq#36,11.43820,46.77498,98.50347
mentougou_aq#37,11.43820,47.33391,98.64218
mentougou_aq#38,11.43820,48.19870,98.74686
mentougou_aq#39,11.43820,48.38275,98.81739
mentougou_aq#4,11.49716,40.21846,77.60133
mentougou_aq#40,11.43820,48.25533,98.85593
mentougou_aq#41,11.43820,48.47878,98.86631
mentougou_aq#42,11.43820,46.46129,98.85345
mentougou_aq#43,11.43820,47.18642,98.82282
mentougou_aq#44,11.43820,47.31311,98.77997
mentougou_aq#45,11.43820,48.91146,98.73015
mentougou_aq#46,11.43820,48.42142,98.67802
mentougou_aq#47,11.43820,47.01963,98.62748
mentougou_aq#5,11.55531,39.28401,79.68786
mentougou_aq#6,11.43502,38.91710,82.59944
mentougou_aq#7,11.23085,38.43198,85.98040
mentougou_aq#8,11.10425,38.19831,89.51496
mentougou_aq#9,11.31022,38.35622,92.94008
miyun_aq#0,16.33201,73.17319,15.32751
miyun_aq#1,16.33201,79.76067,20.80734
miyun_aq#10,16.33201,101.57452,105.22186
miyun_aq#11,16.33201,102.69402,109.04288
miyun_aq#12,16.33201,103.92098,115.76787
miyun_aq#13,16.33201,105.11335,121.50423
miyun_aq#14,16.33201,105.90653,121.99943
miyun_aq#15,16.33201,106.60849,123.20306
miyun_aq#16,16.33201,107.12144,122.74182
miyun_aq#17,16.33201,107.24399,119.11260
miyun_aq#18,16.33201,107.75624,120.53172
miyun_aq#19,16.33201,108.29327,117.37067
miyun_aq#2,16.33201,83.42932,25.19881
miyun_aq#20,16.33201,108.69722,109.24576
miyun_aq#21,16.33201,108.64284,99.08827
miyun_aq#22,16.33201,109.79095,100.75335
miyun_aq#23,16.33201,109.61048,94.87048
miyun_aq#24,16.33201,109.92854,92.86052
miyun_aq#25,16.33201,110.08036,91.98091
miyun_aq#26,16.33201,110.25439,90.92791
miyun_aq#27,16.33201,110.41049,91.12124
miyun_aq#28,16.33201,110.54848,91.84070
miyun_aq#29,16.33201,110.67493,92.34302
miyun_aq#3,16.33201,86.66985,27.43664
miyun_aq#30,16.33201,110.78678,93.69685
miyun_aq#31,16.33201,110.88735,95.05628
miyun_aq#32,16.33201,110.97315,96.13106
miyun_aq#33,16.33201,111.05401,97.67672
miyun_aq#34,16.33201,111.12289,98.90206
miyun_aq#35,16.33201,111.18961,99.84142
miyun_aq#36,16.33201,111.24529,100.98777
miyun_aq#37,16.33201,111.29336,101.69290
miyun_aq#38,16.33201,111.34102,102.18739
miyun_aq#39,16.33201,111.38371,102.75257
miyun_aq#4,16.33201,89.65011,39.48644
miyun_aq#40,16.33201,111.42383,102.90689
miyun_aq#41,16.33201,111.46548,102.96741
miyun_aq#42,16.33201,111.49572,103.05220
miyun_aq#43,16.33201,111.52135,102.83333
miyun_aq#44,16.33201,111.54557,102.63396
miyun_aq#45,16.33201,111.57439,102.45457
miyun_aq#46,16.33201,111.57942,102.09240
miyun_aq#47,16.33201,111.60480,101.82787
miyun_aq#5,16.33201,92.12892,46.72811
miyun_aq#6,16.33201,94.40783,56.30832
miyun_aq#7,16.33201,96.40619,71.66865
miyun_aq#8,16.33201,98.42564,83.44811
miyun_aq#9,16.33201,99.98631,94.40990
miyunshuiku_aq#0,14.11150,30.53905,78.73086
miyunshuiku_aq#1,13.85054,30.56452,74.91541
miyunshuiku_aq#10,14.07130,30.19135,117.64439
miyunshuiku_aq#11,13.90417,30.33696,121.10873
miyunshuiku_aq#12,14.06380,30.33997,123.79836
miyunshuiku_aq#13,13.91139,30.44076,125.76489
miyunshuiku_aq#14,14.05693,30.56557,127.07491
miyunshuiku_aq#15,13.91795,30.41420,127.79559
miyunshuiku_aq#16,14.05067,30.08571,128.01329
miyunshuiku_aq#17,13.92394,30.00079,127.82721
miyunshuiku_aq#18,14.04495,29.45957,127.33345
miyunshuiku_aq#19,13.92940,29.35890,126.62087
miyunshuiku_aq#2,14.10617,30.44964,76.42235
miyunshuiku_aq#20,14.03974,29.88740,125.77109
miyunshuiku_aq#21,13.93437,29.97287,124.85587
miyunshuiku_aq#22,14.03499,29.99603,123.93460
miyunshuiku_aq#23,13.93891,30.08512,123.05411
miyunshuiku_aq#24,14.03066,30.07317,122.24937
miyunshuiku_aq#25,13.94305,30.07263,121.54423
miyunshuiku_aq#26,14.02671,30.07505,120.95247
miyunshuiku_aq#27,13.94682,30.07951,120.47930
miyunshuiku_aq#28,14.02311,30.07593,120.12295
miyunshuiku_aq#29,13.95026,30.07767,119.87624
miyunshuiku_aq#3,13.86580,30.23720,81.67585
miyunshuiku_aq#30,14.01982,30.06413,119.72808
miyunshuiku_aq#31,13.95340,30.07641,119.66484
miyunshuiku_aq#32,14.01683,30.07839,119.67159
miyunshuiku_aq#33,13.95626,30.08131,119.73311
miyunshuiku_aq#34,14.01410,30.08047,119.83468
miyunshuiku_aq#35,13.95887,30.07741,119.96275
miyunshuiku_aq#36,14.01160,30.07735,120.10532
miyunshuiku_aq#37,13.96124,30.07523,120.25225
miyunshuiku_aq#38,14.00933,30.07261,120.39531
miyunshuiku_aq#39,13.96341,30.07579,120.52823
miyunshuiku_aq#4,14.09749,30.40751,86.48692
miyunshuiku_aq#40,14.00726,30.08269,120.64659
miyunshuiku_aq#41,13.96539,30.08448,120.74760
miyunshuiku_aq#42,14.00538,30.09585,120.82994
miyunshuiku_aq#43,13.96719,30.09797,120.89352
miyunshuiku_aq#44,14.00365,30.08686,120.93916
miyunshuiku_aq#45,13.96884,30.08506,120.96842
miyunshuiku_aq#46,14.00208,30.08458,120.98334
miyunshuiku_aq#47,13.97034,30.08271,120.98622
miyunshuiku_aq#5,13.87750,30.32457,91.55760
miyunshuiku_aq#6,14.08830,30.96887,97.39942
miyunshuiku_aq#7,13.88743,30.38460,103.31843
miyunshuiku_aq#8,14.07949,30.29041,108.67626
miyunshuiku_aq#9,13.89623,30.15157,113.45740
MY7#0,28.35032,37.82961,
MY7#1,26.37931,36.24641,
MY7#10,23.48048,29.95203,
MY7#11,24.08308,29.70895,
MY7#12,24.93047,29.50759,
MY7#13,24.81468,29.34078,
MY7#14,24.75841,29.20259,
MY7#15,24.30636,29.08812,
MY7#16,24.43865,28.99329,
MY7#17,23.84906,28.91473,
MY7#18,23.60941,28.84965,
MY7#19,25.53101,28.79575,
MY7#2,24.61574,34.92261,
MY7#20,22.61609,28.75109,
MY7#21,22.94962,28.71409,
MY7#22,23.04227,28.68345,
MY7#23,23.17971,28.65806,
MY7#24,23.30639,28.63703,
MY7#25,23.41054,28.61960,
MY7#26,23.40355,28.60517,
MY7#27,23.61858,28.59322,
MY7#28,23.78275,28.58331,
MY7#29,24.54579,28.57511,
MY7#3,23.69299,33.82661,
MY7#30,24.30929,28.56831,
MY7#31,24.39709,28.56268,
MY7#32,24.32274,28.55802,
MY7#33,24.26666,28.55415,
MY7#34,24.54201,28.55095,
MY7#35,24.42250,28.54830,
MY7#36,24.37513,28.54610,
MY7#37,24.35145,28.54428,
MY7#38,24.44038,28.54278,
MY7#39,24.13777,28.54153,
MY7#4,22.87229,32.91865,
MY7#40,24.14152,28.54049,
MY7#41,23.59967,28.53964,
MY7#42,23.16262,28.53893,
MY7#43,25.59693,28.53834,
MY7#44,22.25898,28.53785,
MY7#45,22.66032,28.53745,
MY7#46,22.78338,28.53711,
MY7#47,22.82917,28.53684,
MY7#5,22.71926,32.16650,
MY7#6,21.59575,31.54342,
MY7#7,21.34170,31.02726,
MY7#8,21.62343,30.59967,
MY7#9,22.45240,30.24546,
nansanhuan_aq#0,80.38326,100.44591,0.00000
nansanhuan_aq#1,81.62944,106.44207,0.00000
nansanhuan_aq#10,64.85169,133.79569,72.97642
nansanhuan_aq#11,63.46022,135.59863,80.33328
nansanhuan_aq#12,62.17176,134.90071,86.13813
nansanhuan_aq#13,61.03980,135.54466,88.19913
nansanhuan_aq#14,60.06420,136.61229,88.77642
nansanhuan_aq#15,59.20561,136.16258,86.34714
nansanhuan_aq#16,58.44394,138.06061,81.73940
nansanhuan_aq#17,57.77394,139.47467,77.97758
nansanhuan_aq#18,57.18652,140.85942,72.15955
nansanhuan_aq#19,56.66975,141.89163,64.98740
nansanhuan_aq#2,84.18796,107.72284,0.00000
nansanhuan_aq#20,56.21451,142.14073,58.81971
nansanhuan_aq#21,55.81403,142.75984,52.29668
nansanhuan_aq#22,55.46191,144.30972,46.82316
nansanhuan_aq#23,55.15214,144.92558,41.71000
nansanhuan_aq#24,54.87957,145.84688,39.13538
nansanhuan_aq#25,54.63978,146.42864,38.06691
nansanhuan_aq#26,54.42885,146.70258,38.39787
nansanhuan_aq#27,54.24330,147.19186,39.56242
nansanhuan_aq#28,54.08005,147.60379,42.00457
nansanhuan_aq#29,53.93644,148.11514,44.80405
nansanhuan_aq#3,85.17333,113.09134,0.00000
nansanhuan_aq#30,53.81011,148.57640,47.87722
nansanhuan_aq#31,53.69897,148.72400,51.20511
nansanhuan_aq#32,53.60119,148.75075,54.11815
nansanhuan_aq#33,53.51518,148.93845,56.73845
nansanhuan_aq#34,53.43951,149.13236,58.92587
nansanhuan_aq#35,53.37295,149.29534,60.37818
nansanhuan_aq#36,53.31439,149.30342,61.33715
nansanhuan_aq#37,53.26287,149.38425,61.69848
nansanhuan_aq#38,53.21755,149.48451,61.46245
nansanhuan_aq#39,53.17768,149.49041,60.88547
nansanhuan_aq#4,79.43620,117.52913,0.00000
nansanhuan_aq#40,53.14261,149.63059,59.93053
nansanhuan_aq#41,53.11175,149.73855,58.74650
nansanhuan_aq#42,53.08461,149.84159,57.51863
nansanhuan_aq#43,53.06073,149.92105,56.24169
nansanhuan_aq#44,53.03972,149.95191,55.07231
nansanhuan_aq#45,53.02124,150.00248,54.08620
nansanhuan_aq#46,53.00499,150.10615,53.27077
nansanhuan_aq#47,52.99068,150.15311,52.71568
nansanhuan_aq#5,74.73833,123.98310,1.86700
nansanhuan_aq#6,72.68090,129.87589,16.21635
nansanhuan_aq#7,70.77640,130.70228,32.51537
nansanhuan_aq#8,68.44886,129.69814,46.84766
nansanhuan_aq#9,66.42620,131.61186,61.10037
nongzhanguan_aq#0,26.75378,82.75775,36.77709
nongzhanguan_aq#1,29.55225,89.01513,25.10862
nongzhanguan_aq#10,45.17714,111.17952,77.06317
nongzhanguan_aq#11,46.15883,112.26146,84.81643
nongzhanguan_aq#12,47.04518,113.20169,90.93693
nongzhanguan_aq#13,47.84545,113.99191,95.32372
nongzhanguan_aq#14,48.56799,114.63784,98.00638
nongzhanguan_aq#15,49.22035,115.23276,99.11954
nongzhanguan_aq#16,49.80935,115.75635,98.87509
nongzhanguan_aq#17,50.34115,116.22953,97.53453
nongzhanguan_aq#18,50.82130,116.64542,95.38301
nongzhanguan_aq#19,51.25481,116.97482,92.70662
nongzhanguan_aq#2,32.39588,93.45754,19.18866
nongzhanguan_aq#20,51.64622,117.24619,89.77366
nongzhanguan_aq#21,51.99962,117.49289,86.82051
nongzhanguan_aq#22,52.31869,117.71349,84.04209
nongzhanguan_aq#23,52.60677,117.92822,81.58673
nongzhanguan_aq#24,52.86687,118.09939,79.55498
nongzhanguan_aq#25,53.10171,118.24347,78.00179
nongzhanguan_aq#26,53.31375,118.36693,76.94116
nongzhanguan_aq#27,53.50518,118.47329,76.35264
nongzhanguan_aq#28,53.67803,118.56504,76.18893
nongzhanguan_aq#29,53.83409,118.64425,76.38376
nongzhanguan_aq#3,34.61894,97.04508,18.36043
nongzhanguan_aq#30,53.97499,118.71268,76.85964
nongzhanguan_aq#31,54.10220,118.77175,77.53489
nongzhanguan_aq#32,54.21706,118.82274,78.32971
nongzhanguan_aq#33,54.32077,118.86680,79.17098
nongzhanguan_aq#34,54.41440,118.90485,79.99581
nongzhanguan_aq#35,54.49894,118.93770,80.75375
nongzhanguan_aq#36,54.57527,118.96608,81.40783
nongzhanguan_aq#37,54.64418,118.99056,81.93448
nongzhanguan_aq#38,54.70640,119.01166,82.32263
nongzhanguan_aq#39,54.76258,119.02992,82.57223
nongzhanguan_aq#4,36.62609,100.05630,21.75626
nongzhanguan_aq#40,54.81330,119.04570,82.69216
nongzhanguan_aq#41,54.85910,119.05934,82.69813
nongzhanguan_aq#42,54.90045,119.07114,82.61037
nongzhanguan_aq#43,54.93778,119.08129,82.45153
nongzhanguan_aq#44,54.97149,119.09004,82.24475
nongzhanguan_aq#45,55.00192,119.09761,82.01210
nongzhanguan_aq#46,55.02939,119.10416,81.77333
nongzhanguan_aq#47,55.05420,119.10983,81.54501
nongzhanguan_aq#5,38.43829,102.63456,28.39186
nongzhanguan_aq#6,40.07449,104.89498,37.25128
nongzhanguan_aq#7,41.55177,106.81961,47.35833
nongzhanguan_aq#8,42.88558,108.47179,57.83268
nongzhanguan_aq#9,44.08984,109.92263,67.92949
pingchang_aq#0,14.31153,59.37736,84.14116
pingchang_aq#1,14.31153,69.16762,81.21989
pingchang_aq#10,14.31153,112.58953,95.61988
pingchang_aq#11,14.31153,114.79458,97.23810
pingchang_aq#12,14.31153,116.95410,98.43340
pingchang_aq#13,14.31153,118.51498,99.21829
pingchang_aq#14,14.31153,119.36794,99.63103
pingchang_aq#15,14.31153,120.12124,99.72710
pingchang_aq#16,14.31153,123.70056,99.57150
pingchang_aq#17,14.31153,124.68595,99.23202
pingchang_aq#18,14.31153,125.91362,98.77391
pingchang_aq#19,14.31153,125.33417,98.25590
pingchang_aq#2,14.31153,78.29360,80.01821
pingchang_aq#20,14.31153,125.06662,97.72762
pingchang_aq#21,14.31153,126.28662,97.22817
pingchang_aq#22,14.31153,127.98642,96.78579
pingchang_aq#23,14.31153,127.62206,96.41835
pingchang_aq#24,14.31153,127.39759,96.13448
pingchang_aq#25,14.31153,127.19169,95.93503
pingchang_aq#26,14.31153,126.97959,95.81476
pingchang_aq#27,14.31153,126.78420,95.76413
pingchang_aq#28,14.31153,126.62882,95.77091
pingchang_aq#29,14.31153,126.54227,95.82162
pingchang_aq#3,14.31153,86.42805,80.23058
pingchang_aq#30,14.31153,126.52956,95.90280
pingchang_aq#31,14.31153,126.49440,96.00190
pingchang_aq#32,14.31153,126.43483,96.10796
pingchang_aq#33,14.31153,126.39283,96.21202
pingchang_aq#34,14.31153,126.37545,96.30730
pingchang_aq#35,14.31153,126.33485,96.38914
pingchang_aq#36,14.31153,126.28654,96.45490
pingchang_aq#37,14.31153,126.26134,96.50363
pingchang_aq#38,14.31153,126.26621,96.53580
pingchang_aq#39,14.31153,126.26977,96.55291
pingchang_aq#4,14.31153,93.22313,81.52217
pingchang_aq#40,14.31153,126.11701,96.55718
pingchang_aq#41,14.31153,126.09745,96.55123
pingchang_aq#42,14.31153,126.06064,96.53777
pingchang_aq#43,14.31153,126.11634,96.51945
pingchang_aq#44,14.31153,126.15216,96.49864
pingchang_aq#45,14.31153,126.10588,96.47735
pingchang_aq#46,14.31153,126.03157,96.45717
pingchang_aq#47,14.31153,126.06510,96.43926
pingchang_aq#5,14.31153,98.21537,83.55881
pingchang_aq#6,14.31153,101.37797,86.03008
pingchang_aq#7,14.31153,104.57665,88.66559
pingchang_aq#8,14.31153,107.89925,91.24470
pingchang_aq#9,14.31153,110.60162,93.60062
pinggu_aq#0,16.48917,51.73190,89.27988
pinggu_aq#1,16.27064,56.53747,87.39239
pinggu_aq#10,15.34427,80.70670,113.64318
pinggu_aq#11,15.87049,82.02810,115.88382
pinggu_aq#12,16.22637,83.18778,116.69195
pinggu_aq#13,16.02139,84.20553,117.90169
pinggu_aq#14,16.56446,85.09872,120.81204
pinggu_aq#15,15.92525,85.88259,120.39690
pinggu_aq#16,15.92764,86.57052,120.47939
pinggu_aq#17,16.23511,87.17426,118.80390
pinggu_aq#18,16.19626,87.70411,116.63483
pinggu_aq#19,15.65521,88.16911,113.72537
pinggu_aq#2,16.18707,60.82255,88.73483
pinggu_aq#20,15.28582,88.57720,109.93248
pinggu_aq#21,16.04329,88.93535,109.88385
pinggu_aq#22,15.86431,89.24966,109.28887
pinggu_aq#23,15.38413,89.52550,108.64837
pinggu_aq#24,15.38413,89.76759,107.26424
pinggu_aq#25,15.38413,89.98004,107.14863
pinggu_aq#26,15.38413,90.16650,107.41336
pinggu_aq#27,15.38413,90.33013,107.76470
pinggu_aq#28,15.38413,90.47374,108.03109
pinggu_aq#29,15.38413,90.59977,108.15151
pinggu_aq#3,15.70177,64.57703,90.89368
pinggu_aq#30,15.38413,90.71037,108.74409
pinggu_aq#31,15.38413,90.80744,109.96045
pinggu_aq#32,15.38413,90.89263,110.99114
pinggu_aq#33,15.38413,90.96739,112.06913
pinggu_aq#34,15.38413,91.03301,112.88003
pinggu_aq#35,15.38413,91.09059,113.10654
pinggu_aq#36,15.38413,91.14113,113.15185
pinggu_aq#37,15.38413,91.18548,113.64453
pinggu_aq#38,15.38413,91.22440,115.09144
pinggu_aq#39,15.38413,91.25856,115.05919
pinggu_aq#4,16.05572,67.87257,92.71451
pinggu_aq#40,15.38413,91.28854,115.30893
pinggu_aq#41,15.38413,91.31484,114.78632
pinggu_aq#42,15.38413,91.33793,114.00741
pinggu_aq#43,15.38413,91.35820,112.85089
pinggu_aq#44,15.38413,91.37598,111.40914
pinggu_aq#45,15.38413,91.39159,111.64898
pinggu_aq#46,15.38413,91.40528,112.05050
pinggu_aq#47,15.38413,91.41730,111.73572
pinggu_aq#5,16.03021,70.76471,93.99453
pinggu_aq#6,15.71386,73.30290,97.44417
pinggu_aq#7,15.04877,75.53044,101.33433
pinggu_aq#8,14.30236,77.48536,105.04626
pinggu_aq#9,15.02843,79.20102,109.32892
qianmen_aq#0,26.80854,112.70691,0.00000
qianmen_aq#1,26.47597,117.80419,0.00000
qianmen_aq#10,25.68457,131.34477,98.23410
qianmen_aq#11,26.55794,131.61461,107.93217
qianmen_aq#12,26.43082,131.67930,115.19547
qianmen_aq#13,26.80661,132.97495,119.52427
qianmen_aq#14,27.11576,134.06446,119.13613
qianmen_aq#15,26.50413,134.31242,116.51321
qianmen_aq#16,27.02613,134.57761,112.35914
qianmen_aq#17,26.33278,133.46284,105.36678
qianmen_aq#18,26.22664,132.45392,97.67979
qianmen_aq#19,26.13932,133.57941,90.52192
qianmen_aq#2,26.28195,118.20242,0.00000
qianmen_aq#20,25.59236,133.61612,82.70047
qianmen_aq#21,25.73091,133.72293,75.63431
qianmen_aq#22,25.71494,133.10246,70.53608
qianmen_aq#23,25.50832,132.35025,66.12537
qianmen_aq#24,25.50165,132.11035,62.98906
qianmen_aq#25,25.50144,131.98985,62.10120
qianmen_aq#26,25.50143,132.05001,62.13120
qianmen_aq#27,25.50143,131.99765,63.00003
qianmen_aq#28,25.50143,132.03166,65.47080
qianmen_aq#29,25.50143,131.96631,68.34974
qianmen_aq#3,26.15651,121.09105,0.00000
qianmen_aq#30,25.50143,131.91926,71.18939
qianmen_aq#31,25.50143,131.85511,74.67333
qianmen_aq#32,25.50143,131.84187,77.93118
qianmen_aq#33,25.50143,131.84360,80.41605
qianmen_aq#34,25.50143,131.84624,82.82787
qianmen_aq#35,25.50143,131.85572,84.69932
qianmen_aq#36,25.50143,131.87081,85.53314
qianmen_aq#37,25.50143,131.83302,86.04625
qianmen_aq#38,25.50143,131.80159,86.12735
qianmen_aq#39,25.50143,131.80287,85.35630
qianmen_aq#4,26.23990,121.65450,0.00000
qianmen_aq#40,25.50143,131.80189,84.39347
qianmen_aq#41,25.50143,131.85616,83.35929
qianmen_aq#42,25.50143,131.90492,81.87291
qianmen_aq#43,25.50143,131.86515,80.45057
qianmen_aq#44,25.50143,131.86916,79.31408
qianmen_aq#45,25.50143,131.86954,78.08233
qianmen_aq#46,25.50143,131.89911,77.07845
qianmen_aq#47,25.50143,131.93351,76.53862
qianmen_aq#5,26.06247,124.45161,12.75193
qianmen_aq#6,26.19334,126.63878,31.01435
qianmen_aq#7,24.84051,129.10146,50.05784
qianmen_aq#8,26.12532,130.20090,66.95438
qianmen_aq#9,26.09415,130.82959,83.74444
shunyi_aq#0,37.33071,101.22200,21.50861
shunyi_aq#1,37.33071,106.28751,28.05176
shunyi_aq#10,37.33071,120.20933,120.22802
shunyi_aq#11,37.33071,120.51721,122.75215
shunyi_aq#12,37.33071,120.80327,123.23724
shunyi_aq#13,37.33071,120.99410,121.96040
shunyi_aq#14,37.33071,121.09674,119.26657
shunyi_aq#15,37.33071,121.22744,115.53681
shunyi_aq#16,37.33071,121.34550,111.15920
shunyi_aq#17,37.33071,121.45485,106.50362
shunyi_aq#18,37.33071,121.57886,101.90149
shunyi_aq#19,37.33071,121.64574,97.63097
shunyi_aq#2,37.33071,109.84589,37.83968
shunyi_aq#20,37.33071,121.70467,93.90767
shunyi_aq#21,37.33071,121.76154,90.88068
shunyi_aq#22,37.33071,121.74209,88.63331
shunyi_aq#23,37.33071,121.79376,87.18784
shunyi_aq#24,37.33071,121.82022,86.51333
shunyi_aq#25,37.33071,121.84049,86.53553
shunyi_aq#26,37.33071,121.85551,87.14806
shunyi_aq#27,37.33071,121.86713,88.22388
shunyi_aq#28,37.33071,121.87606,89.62626
shunyi_aq#29,37.33071,121.88306,91.21876
shunyi_aq#3,37.33071,112.57564,49.77468
shunyi_aq#30,37.33071,121.88838,92.87371
shunyi_aq#31,37.33071,121.89252,94.47876
shunyi_aq#32,37.33071,121.89571,95.94162
shunyi_aq#33,37.33071,121.89823,97.19274
shunyi_aq#34,37.33071,121.90030,98.18621
shunyi_aq#35,37.33071,121.90175,98.89909
shunyi_aq#36,37.33071,121.90296,99.32932
shunyi_aq#37,37.33071,121.90385,99.49275
shunyi_aq#38,37.33071,121.90445,99.41941
shunyi_aq#39,37.33071,121.90502,99.14955
shunyi_aq#4,37.33071,114.64073,62.79094
shunyi_aq#40,37.33071,121.90549,98.72956
shunyi_aq#41,37.33071,121.90589,98.20820
shunyi_aq#42,37.33071,121.90628,97.63315
shunyi_aq#43,37.33071,121.90652,97.04828
shunyi_aq#44,37.33071,121.90673,96.49144
shunyi_aq#45,37.33071,121.90691,95.99304
shunyi_aq#46,37.33071,121.90692,95.57525
shunyi_aq#47,37.33071,121.90707,95.25193
shunyi_aq#5,37.33071,116.27377,75.91602
shunyi_aq#6,37.33071,117.48153,88.31726
shunyi_aq#7,37.33071,118.42125,99.33250
shunyi_aq#8,37.33071,119.13482,108.48557
shunyi_aq#9,37.33071,119.70894,115.48786
ST5#0,40.40048,26.86699,
ST5#1,40.00651,26.04550,
ST5#10,38.52708,25.65328,
ST5#11,38.46527,25.64404,
ST5#12,38.41337,25.63714,
ST5#13,38.36979,25.63199,
ST5#14,38.33320,25.62814,
ST5#15,38.30247,25.62527,
ST5#16,38.27668,25.62313,
ST5#17,38.25502,25.62152,
ST5#18,38.23683,25.62033,
ST5#19,38.22156,25.61944,
ST5#2,39.70286,26.00518,
ST5#20,38.20873,25.61877,
ST5#21,38.19796,25.61827,
ST5#22,38.18892,25.61790,
ST5#23,38.18133,25.61763,
ST5#24,38.17496,25.61742,
ST5#25,38.16961,25.61726,
ST5#26,38.16511,25.61715,
ST5#27,38.16134,25.61706,
ST5#28,38.15817,25.61700,
ST5#29,38.15551,25.61695,
ST5#3,39.45184,25.89751,
ST5#30,38.15328,25.61691,
ST5#31,38.15140,25.61689,
ST5#32,38.14983,25.61687,
ST5#33,38.14851,25.61685,
ST5#34,38.14740,25.61684,
ST5#35,38.14646,25.61683,
ST5#36,38.14568,25.61683,
ST5#37,38.14502,25.61682,
ST5#38,38.14447,25.61682,
ST5#39,38.14401,25.61682,
ST5#4,39.24166,25.82763,
ST5#40,38.14362,25.61681,
ST5#41,38.14329,25.61681,
ST5#42,38.14302,25.61681,
ST5#43,38.14279,25.61681,
ST5#44,38.14259,25.61681,
ST5#45,38.14243,25.61681,
ST5#46,38.14230,25.61681,
ST5#47,38.14218,25.61681,
ST5#5,39.06525,25.77403,
ST5#6,38.91715,25.73421,
ST5#7,38.79279,25.70446,
ST5#8,38.68837,25.68225,
ST5#9,38.60070,25.66566,
TH4#0,14.37903,31.62293,
TH4#1,14.34701,30.90111,
TH4#10,14.13921,31.25855,
TH4#11,14.05811,31.18933,
TH4#12,13.98141,31.24408,
TH4#13,13.88986,31.20078,
TH4#14,13.94644,31.23503,
TH4#15,13.46978,31.20793,
TH4#16,13.63915,31.22937,
TH4#17,13.72481,31.21241,
TH4#18,13.75683,31.22582,
TH4#19,13.72027,31.21522,
TH4#2,14.31178,31.47207,
TH4#20,13.71316,31.22361,
TH4#21,13.67071,31.21697,
TH4#22,13.77199,31.22222,
TH4#23,13.78506,31.21807,
TH4#24,13.78506,31.22135,
TH4#25,13.78506,31.21875,
TH4#26,13.78506,31.22081,
TH4#27,13.78506,31.21918,
TH4#28,13.78506,31.22047,
TH4#29,13.78506,31.21945,
TH4#3,14.31933,31.02044,
TH4#30,13.78506,31.22026,
TH4#31,13.78506,31.21962,
TH4#32,13.78506,31.22012,
TH4#33,13.78506,31.21972,
TH4#34,13.78506,31.22004,
TH4#35,13.78506,31.21979,
TH4#36,13.78506,31.21999,
TH4#37,13.78506,31.21983,
TH4#38,13.78506,31.21996,
TH4#39,13.78506,31.21986,
TH4#4,14.11765,31.37767,
TH4#40,13.78506,31.21993,
TH4#41,13.78506,31.21987,
TH4#42,13.78506,31.21992,
TH4#43,13.78506,31.21988,
TH4#44,13.78506,31.21991,
TH4#45,13.78506,31.21989,
TH4#46,13.78506,31.21991,
TH4#47,13.78506,31.21989,
TH4#5,14.08677,31.09510,
TH4#6,14.08125,31.31862,
TH4#7,14.09490,31.14182,
TH4#8,14.14201,31.28166,
TH4#9,14.13269,31.17105,
tiantan_aq#0,40.95084,95.89767,15.89328
tiantan_aq#1,42.18550,102.04370,6.23778
tiantan_aq#10,48.85746,112.35114,92.26429
tiantan_aq#11,49.33032,113.69915,100.51100
tiantan_aq#12,49.76473,114.86282,105.79961
tiantan_aq#13,50.16381,114.19888,108.12642
tiantan_aq#14,50.53044,113.87527,107.71262
tiantan_aq#15,50.86724,113.26427,104.95739
tiantan_aq#16,51.17665,112.24453,100.38370
tiantan_aq#17,51.46090,113.27590,94.58216
tiantan_aq#18,51.72203,114.44418,88.15712
tiantan_aq#19,51.96192,115.50738,81.67907
tiantan_aq#2,43.21007,103.27673,3.16970
tiantan_aq#20,52.18231,117.17990,75.64596
tiantan_aq#21,52.38476,117.71698,70.45518
tiantan_aq#22,52.57076,117.29525,66.38699
tiantan_aq#23,52.74162,119.25919,63.59897
tiantan_aq#24,52.89859,119.56149,62.13054
tiantan_aq#25,53.04279,119.48037,61.91588
tiantan_aq#26,53.17527,119.33719,62.80297
tiantan_aq#27,53.29697,119.29271,64.57675
tiantan_aq#28,53.40877,119.41448,66.98382
tiantan_aq#29,53.51148,119.69176,69.75680
tiantan_aq#3,44.14294,104.45856,6.03740
tiantan_aq#30,53.60584,120.05540,72.63649
tiantan_aq#31,53.69252,120.41039,75.39038
tiantan_aq#32,53.77215,120.67177,77.82669
tiantan_aq#33,53.84531,120.79227,79.80344
tiantan_aq#34,53.91252,120.77377,81.23255
tiantan_aq#35,53.97426,120.66083,82.07923
tiantan_aq#36,54.03097,120.52084,82.35749
tiantan_aq#37,54.08308,120.41910,82.12254
tiantan_aq#38,54.13095,120.39768,81.46105
tiantan_aq#39,54.17492,120.46477,80.48039
tiantan_aq#4,44.99929,104.81369,13.82699
tiantan_aq#40,54.21532,120.59656,79.29770
tiantan_aq#41,54.25244,120.74947,78.02969
tiantan_aq#42,54.28653,120.87737,76.78391
tiantan_aq#43,54.31785,120.94738,75.65174
tiantan_aq#44,54.34663,120.94921,74.70374
tiantan_aq#45,54.37306,120.89580,73.98700
tiantan_aq#46,54.39734,120.81611,73.52480
tiantan_aq#47,54.41965,120.74355,73.31800
tiantan_aq#5,45.78595,104.68178,25.28771
tiantan_aq#6,46.50862,105.96744,39.05852
tiantan_aq#7,47.17252,105.38944,53.78598
tiantan_aq#8,47.78242,107.25483,68.22586
tiantan_aq#9,48.34273,109.61906,81.32265
tongzhou_aq#0,26.39945,170.68414,0.00000
tongzhou_aq#1,26.20752,165.97841,0.00000
tongzhou_aq#10,26.20810,147.98563,115.03101
tongzhou_aq#11,26.68022,147.58909,120.14412
tongzhou_aq#12,26.81559,147.29501,122.03476
tongzhou_aq#13,27.20220,146.83353,121.02968
tongzhou_aq#14,27.14997,146.17184,117.60206
tongzhou_aq#15,27.04786,146.00763,112.31955
tongzhou_aq#16,27.05949,145.50579,105.79330
tongzhou_aq#17,26.96940,144.32739,98.63131
tongzhou_aq#18,26.56327,143.61979,91.39843
tongzhou_aq#19,26.21494,142.93385,84.58496
tongzhou_aq#2,25.67214,161.19422,0.00000
tongzhou_aq#20,26.02067,142.77251,78.58451
tongzhou_aq#21,25.85880,142.02468,73.68147
tongzhou_aq#22,25.67706,141.15729,70.04742
tongzhou_aq#23,25.65648,140.59069,67.74560
tongzhou_aq#24,25.68130,140.54663,66.74188
tongzhou_aq#25,25.69227,140.62781,66.92072
tongzhou_aq#26,25.70015,140.71896,68.10427
tongzhou_aq#27,25.70159,140.77390,70.07290
tongzhou_aq#28,25.69982,140.81121,72.58570
tongzhou_aq#29,25.69897,140.84987,75.39939
tongzhou_aq#3,25.65493,158.01246,10.34704
tongzhou_aq#30,25.69866,140.89443,78.28490
tongzhou_aq#31,25.69861,140.92732,81.04051
tongzhou_aq#32,25.69871,140.92791,83.50146
tongzhou_aq#33,25.69877,140.93285,85.54566
tongzhou_aq#34,25.69878,140.93839,87.09585
tongzhou_aq#35,25.69878,140.94276,88.11843
tongzhou_aq#36,25.69878,140.94551,88.61953
tongzhou_aq#37,25.69877,140.95363,88.63907
tongzhou_aq#38,25.69877,140.96782,88.24334
tongzhou_aq#39,25.69877,140.96937,87.51691
tongzhou_aq#4,25.59235,155.69237,27.21691
tongzhou_aq#40,25.69877,140.98042,86.55444
tongzhou_aq#41,25.69877,141.00991,85.45297
tongzhou_aq#42,25.69877,141.02719,84.30517
tongzhou_aq#43,25.69877,141.04418,83.19376
tongzhou_aq#44,25.69877,141.04742,82.18744
tongzhou_aq#45,25.69877,141.06647,81.33830
tongzhou_aq#46,25.69877,141.08887,80.68067
tongzhou_aq#47,25.69877,141.10337,80.23134
tongzhou_aq#5,25.44654,153.48547,45.38555
tongzhou_aq#6,25.78868,151.19173,63.46408
tongzhou_aq#7,25.34119,149.44736,80.26453
tongzhou_aq#8,25.54247,149.00599,94.85056
tongzhou_aq#9,25.70624,148.47624,106.56432
wanliu_aq#0,27.55404,116.94512,0.00000
wanliu_aq#1,29.92506,121.29420,0.00000
wanliu_aq#10,43.43948,127.15986,98.98074
wanliu_aq#11,44.43883,127.31497,109.02440
wanliu_aq#12,45.36418,127.50223,117.22593
wanliu_aq#13,46.22100,127.61810,120.49204
wanliu_aq#14,47.01438,127.75906,121.39462
wanliu_aq#15,47.74901,127.84567,120.76338
wanliu_aq#16,48.42924,127.95180,116.66341
wanliu_aq#17,49.05909,128.01655,111.17645
wanliu_aq#18,49.64231,128.09647,105.52001
wanliu_aq#19,50.18234,128.14486,98.42511
wanliu_aq#2,31.95497,123.42301,0.00000
wanliu_aq#20,50.68238,128.20505,91.35883
wanliu_aq#21,51.14539,128.24122,85.44972
wanliu_aq#22,51.57412,128.28654,79.69241
wanliu_aq#23,51.97110,128.31357,74.89328
wanliu_aq#24,52.33868,128.34770,71.85257
wanliu_aq#25,52.67905,128.36790,69.63605
wanliu_aq#26,52.99421,128.39361,68.49752
wanliu_aq#27,53.28603,128.40870,68.90289
wanliu_aq#28,53.55624,128.42806,69.98524
wanliu_aq#29,53.80644,128.43934,71.66078
wanliu_aq#3,33.80930,124.41598,0.00000
wanliu_aq#30,54.03812,128.45392,74.19021
wanliu_aq#31,54.25264,128.46234,76.85924
wanliu_aq#32,54.45127,128.47333,79.46962
wanliu_aq#33,54.63520,128.47962,82.22368
wanliu_aq#34,54.80551,128.48790,84.63274
wanliu_aq#35,54.96320,128.49259,86.53526
wanliu_aq#36,55.10922,128.49883,88.16198
wanliu_aq#37,55.24442,128.50234,89.25649
wanliu_aq#38,55.36962,128.50703,89.74661
wanliu_aq#39,55.48554,128.50965,89.90041
wanliu_aq#4,35.52246,125.18160,5.81424
wanliu_aq#40,55.59288,128.51319,89.63622
wanliu_aq#41,55.69227,128.51515,88.94848
wanliu_aq#42,55.78430,128.51781,88.10141
wanliu_aq#43,55.86952,128.51927,87.10248
wanliu_aq#44,55.94842,128.52128,85.96092
wanliu_aq#45,56.02148,128.52237,84.88810
wanliu_aq#46,56.08913,128.52389,83.90732
wanliu_aq#47,56.15178,128.52470,83.00190
wanliu_aq#5,37.10817,125.61923,20.58137
wanliu_aq#6,38.57637,126.08262,38.61237
wanliu_aq#7,39.93583,126.36875,53.97816
wanliu_aq#8,41.19463,126.70235,70.70803
wanliu_aq#9,42.36021,126.91077,87.23464
wanshouxigong_aq#0,13.01830,88.11282,2.26655
wanshouxigong_aq#1,13.01830,96.15039,0.00000
wanshouxigong_aq#10,13.01830,140.83946,97.06585
wanshouxigong_aq#11,13.01830,141.97851,106.25142
wanshouxigong_aq#12,13.01830,142.23080,113.12576
wanshouxigong_aq#13,13.01830,144.85078,116.68645
wanshouxigong_aq#14,13.01830,146.30110,117.16738
wanshouxigong_aq#15,13.01830,148.41641,115.59050
wanshouxigong_aq#16,13.01830,148.32785,111.83847
wanshouxigong_aq#17,13.01830,148.31192,106.34089
wanshouxigong_aq#18,13.01830,148.92174,100.16061
wanshouxigong_aq#19,13.01830,148.94436,93.53278
wanshouxigong_aq#2,13.01830,103.48633,0.00000
wanshouxigong_aq#20,13.01830,148.61511,86.80111
wanshouxigong_aq#21,13.01830,149.64499,80.74303
wanshouxigong_aq#22,13.01830,149.65979,75.54564
wanshouxigong_aq#23,13.01830,149.52530,71.28545
wanshouxigong_aq#24,13.01830,149.24851,68.32474
wanshouxigong_aq#25,13.01830,149.12148,66.64304
wanshouxigong_aq#26,13.01830,148.99396,66.05203
wanshouxigong_aq#27,13.01830,148.84820,66.57087
wanshouxigong_aq#28,13.01830,148.64265,68.01692
wanshouxigong_aq#29,13.01830,148.49831,70.07190
wanshouxigong_aq#3,13.01830,110.72476,0.00000
wanshouxigong_aq#30,13.01830,148.51279,72.59082
wanshouxigong_aq#31,13.01830,148.45480,75.36450
wanshouxigong_aq#32,13.01830,148.26361,78.10492
wanshouxigong_aq#33,13.01830,148.27860,80.67355
wanshouxigong_aq#34,13.01830,148.19172,82.94892
wanshouxigong_aq#35,13.01830,148.17980,84.77228
wanshouxigong_aq#36,13.01830,148.19531,86.10108
wanshouxigong_aq#37,13.01830,148.12133,86.93790
wanshouxigong_aq#38,13.01830,148.08636,87.26289
wanshouxigong_aq#39,13.01830,148.02459,87.12867
wanshouxigong_aq#4,13.01830,119.11002,9.26691
wanshouxigong_aq#40,13.01830,148.04017,86.62567
wanshouxigong_aq#41,13.01830,148.05116,85.81804
wanshouxigong_aq#42,13.01830,148.03789,84.79931
wanshouxigong_aq#43,13.01830,148.04445,83.68021
wanshouxigong_aq#44,13.01830,148.06257,82.53756
wanshouxigong_aq#45,13.01830,148.03057,81.44662
wanshouxigong_aq#46,13.01830,148.03445,80.48317
wanshouxigong_aq#47,13.01830,148.04302,79.68825
wanshouxigong_aq#5,13.01830,125.37517,22.35247
wanshouxigong_aq#6,13.01830,126.88810,38.68159
wanshouxigong_aq#7,13.01830,130.10302,54.62172
wanshouxigong_aq#8,13.01830,136.74781,70.04705
wanshouxigong_aq#9,13.01830,137.47498,84.96324
xizhimenbei_aq#0,30.16252,56.73015,26.84707
xizhimenbei_aq#1,30.99187,63.08261,24.11615
xizhimenbei_aq#10,30.88986,110.11876,67.33587
xizhimenbei_aq#11,30.88746,112.54445,73.04325
xizhimenbei_aq#12,30.90692,115.06868,77.41100
xizhimenbei_aq#13,30.83368,115.70103,80.42238
xizhimenbei_aq#14,31.35289,116.38629,82.15553
xizhimenbei_aq#15,31.43747,117.73265,82.75854
xizhimenbei_aq#16,31.54391,119.09018,82.42499
xizhimenbei_aq#17,30.77928,120.17425,81.37143
xizhimenbei_aq#18,30.88632,121.09876,79.81809
xizhimenbei_aq#19,31.41341,122.20569,77.97322
xizhimenbei_aq#2,30.79414,72.27058,19.49843
xizhimenbei_aq#20,31.29080,122.17830,76.02157
xizhimenbei_aq#21,30.61201,123.55348,74.11680
xizhimenbei_aq#22,29.95199,124.62863,72.37757
xizhimenbei_aq#23,29.70456,124.70655,70.88677
xizhimenbei_aq#24,29.74276,125.36240,69.69341
xizhimenbei_aq#25,29.68637,126.04266,68.81626
xizhimenbei_aq#26,29.69982,126.86435,68.24890
xizhimenbei_aq#27,29.71755,127.54499,67.96538
xizhimenbei_aq#28,29.72571,128.19257,67.92598
xizhimenbei_aq#29,29.70581,128.68929,68.08276
xizhimenbei_aq#3,30.53329,79.75929,19.28940
xizhimenbei_aq#30,29.71298,129.16796,68.38451
xizhimenbei_aq#31,29.69671,129.40621,68.78084
xizhimenbei_aq#32,29.69397,129.71307,69.22544
xizhimenbei_aq#33,29.65551,130.03058,69.67835
xizhimenbei_aq#34,29.69331,130.29719,70.10732
xizhimenbei_aq#35,29.69347,130.51308,70.48841
xizhimenbei_aq#36,29.69215,130.72661,70.80584
xizhimenbei_aq#37,29.69713,130.81263,71.05143
xizhimenbei_aq#38,29.66183,130.89563,71.22350
xizhimenbei_aq#39,29.65608,131.01509,71.32571
xizhimenbei_aq#4,30.41327,87.17698,22.58951
xizhimenbei_aq#40,29.64884,131.13053,71.36563
xizhimenbei_aq#41,29.70083,131.22454,71.35348
xizhimenbei_aq#42,29.69355,131.30492,71.30088
xizhimenbei_aq#43,29.65771,131.39386,71.21975
xizhimenbei_aq#44,29.66605,131.40819,71.12148
xizhimenbei_aq#45,29.71220,131.50932,71.01623
xizhimenbei_aq#46,29.75707,131.58948,70.91255
xizhimenbei_aq#47,29.77389,131.60468,70.81710
xizhimenbei_aq#5,30.70600,92.60564,28.44915
xizhimenbei_aq#6,30.60054,98.08329,35.94296
xizhimenbei_aq#7,30.83986,100.06063,44.22727
xizhimenbei_aq#8,30.88008,103.36587,52.57993
xizhimenbei_aq#9,31.44585,107.05169,60.42387
yanqin_aq#0,40.41293,56.54246,26.63626
yanqin_aq#1,38.11966,57.08917,27.61975
yanqin_aq#10,39.48806,108.04601,89.52462
yanqin_aq#11,38.86244,110.81074,94.32661
yanqin_aq#12,39.33678,113.30274,98.11518
yanqin_aq#13,40.07788,115.39244,100.96782
yanqin_aq#14,40.03193,117.09604,102.93941
yanqin_aq#15,39.39587,118.70698,104.15242
yanqin_aq#16,39.13583,120.08694,104.70700
yanqin_aq#17,39.54137,121.05392,104.73554
yanqin_aq#18,39.94708,122.16743,104.34659
yanqin_aq#19,39.80098,122.99421,103.65864
yanqin_aq#2,38.22170,66.55493,31.41975
yanqin_aq#20,39.39607,123.82680,102.76600
yanqin_aq#21,39.32743,124.55396,101.76048
yanqin_aq#22,39.63101,125.03597,100.71142
yanqin_aq#23,39.83022,125.73274,99.68026
yanqin_aq#24,39.67187,126.20132,98.70935
yanqin_aq#25,39.43246,126.60584,97.83221
yanqin_aq#26,39.45155,126.91107,97.06769
yanqin_aq#27,39.65901,127.17762,96.42728
yanqin_aq#28,39.74043,127.41289,95.91237
yanqin_aq#29,39.60656,127.61741,95.51951
yanqin_aq#3,40.17113,74.85437,37.52908
yanqin_aq#30,39.47630,127.79673,95.23923
yanqin_aq#31,39.52625,127.95432,95.05975
yanqin_aq#32,39.65767,128.09092,94.96655
yanqin_aq#33,39.67786,128.21106,94.94486
yanqin_aq#34,39.57834,128.31563,94.97945
yanqin_aq#35,39.51496,128.40651,95.05619
yanqin_aq#36,39.56777,128.48551,95.16192
yanqin_aq#37,39.64508,128.55501,95.28526
yanqin_aq#38,39.63753,128.61639,95.41639
yanqin_aq#39,39.56988,128.66937,95.54748
yanqin_aq#4,41.00027,81.66623,44.90398
yanqin_aq#40,39.54444,128.71582,95.67235
yanqin_aq#41,39.58860,128.75768,95.78657
yanqin_aq#42,39.63040,128.79282,95.88716
yanqin_aq#43,39.61338,128.82430,95.97249
yanqin_aq#44,39.57073,128.85123,96.04196
yanqin_aq#45,39.56486,128.87475,96.09590
yanqin_aq#46,39.59747,128.89613,96.13525
yanqin_aq#47,39.61762,128.91333,96.16145
yanqin_aq#5,39.77243,87.81393,53.10225
yanqin_aq#6,38.50939,93.07256,61.40704
yanqin_aq#7,38.93549,97.49961,69.52124
yanqin_aq#8,40.18254,101.57361,77.01602
yanqin_aq#9,40.41374,104.98647,83.75098
yizhuang_aq#0,31.55989,87.88807,20.46370
yizhuang_aq#1,31.56081,87.21538,19.06637
yizhuang_aq#10,31.74459,101.59102,100.90012
yizhuang_aq#11,32.27943,102.03772,107.42540
yizhuang_aq#12,32.16517,102.38521,108.12821
yizhuang_aq#13,32.63893,102.74553,109.65570
yizhuang_aq#14,32.80073,103.00518,110.50220
yizhuang_aq#15,33.54204,103.27485,106.51657
yizhuang_aq#16,33.16172,103.36162,104.47772
yizhuang_aq#17,32.67768,103.40836,102.22593
yizhuang_aq#18,32.67459,103.42408,96.48575
yizhuang_aq#19,32.00954,103.46374,93.80662
yizhuang_aq#2,31.19732,92.29574,25.35476
yizhuang_aq#20,31.63826,103.48267,91.27844
yizhuang_aq#21,31.11258,103.53891,86.34030
yizhuang_aq#22,29.77013,103.54231,85.09090
yizhuang_aq#23,30.63580,103.64673,83.91417
yizhuang_aq#24,30.60358,103.68627,80.92266
yizhuang_aq#25,30.60358,103.71807,81.68436
yizhuang_aq#26,30.60358,103.71972,82.03407
yizhuang_aq#27,30.60358,103.73529,80.79217
yizhuang_aq#28,30.60358,103.74006,82.99799
yizhuang_aq#29,30.60358,103.74823,84.13659
yizhuang_aq#3,30.87763,93.18791,30.88725
yizhuang_aq#30,30.60358,103.75241,83.77847
yizhuang_aq#31,30.60358,103.75730,86.45240
yizhuang_aq#32,30.60358,103.76027,87.47403
yizhuang_aq#33,30.60358,103.76288,87.16629
yizhuang_aq#34,30.60358,103.76540,89.54280
yizhuang_aq#35,30.60358,103.76745,89.88260
yizhuang_aq#36,30.60358,103.76922,89.21013
yizhuang_aq#37,30.60358,103.77034,90.99202
yizhuang_aq#38,30.60358,103.77141,90.55898
yizhuang_aq#39,30.60358,103.77205,89.54699
yizhuang_aq#4,30.63470,95.76194,40.41200
yizhuang_aq#40,30.60358,103.77315,90.83336
yizhuang_aq#41,30.60358,103.77417,89.86350
yizhuang_aq#42,30.60358,103.77510,88.77993
yizhuang_aq#43,30.60358,103.77574,89.83858
yizhuang_aq#44,30.60358,103.77633,88.65641
yizhuang_aq#45,30.60358,103.77664,87.78146
yizhuang_aq#46,30.60358,103.77708,88.83965
yizhuang_aq#47,30.60358,103.77700,87.67932
yizhuang_aq#5,30.83408,96.89450,53.95342
yizhuang_aq#6,31.11046,98.40385,63.68916
yizhuang_aq#7,30.30075,99.30765,74.98710
yizhuang_aq#8,31.14467,100.28696,87.22938
yizhuang_aq#9,31.38732,101.05240,93.82686
yongdingmennei_aq#0,30.21345,125.69162,0.00000
yongdingmennei_aq#1,32.67829,129.12363,0.00000
yongdingmennei_aq#10,45.62158,128.74391,84.50943
yongdingmennei_aq#11,46.28188,130.34327,94.99609
yongdingmennei_aq#12,46.86681,131.40783,103.94821
yongdingmennei_aq#13,47.38496,131.79356,109.05211
yongdingmennei_aq#14,47.84396,131.57786,111.61396
yongdingmennei_aq#15,48.25056,130.99711,110.95903
yongdingmennei_aq#16,48.61075,130.34775,107.77491
yongdingmennei_aq#17,48.92981,129.88719,103.27460
yongdingmennei_aq#18,49.21246,129.76426,97.44177
yongdingmennei_aq#19,49.46284,129.99482,89.87488
yongdingmennei_aq#2,34.92158,130.51696,0.00000
yongdingmennei_aq#20,49.68463,130.48156,81.53510
yongdingmennei_aq#21,49.88111,131.06415,75.02545
yongdingmennei_aq#22,50.05515,131.57914,67.41385
yongdingmennei_aq#23,50.20933,131.90992,59.00707
yongdingmennei_aq#24,50.34591,132.01356,55.07805
yongdingmennei_aq#25,50.46690,131.92060,52.34901
yongdingmennei_aq#26,50.57407,131.71287,50.86218
yongdingmennei_aq#27,50.66901,131.48986,51.42774
yongdingmennei_aq#28,50.75311,131.33590,52.86889
yongdingmennei_aq#29,50.82761,131.29778,55.01581
yongdingmennei_aq#3,37.89301,130.07286,0.00000
yongdingmennei_aq#30,50.89361,131.37768,58.22467
yongdingmennei_aq#31,50.95207,131.54074,61.55025
yongdingmennei_aq#32,51.00386,131.73235,64.81220
yongdingmennei_aq#33,51.04974,131.89825,68.20883
yongdingmennei_aq#34,51.09038,132.00081,71.09836
yongdingmennei_aq#35,51.12638,132.02743,73.41567
yongdingmennei_aq#36,51.15827,131.98988,75.36234
yongdingmennei_aq#37,51.18652,131.91639,76.58952
yongdingmennei_aq#38,51.21154,131.84032,77.16433
yongdingmennei_aq#39,51.23371,131.78922,77.32430
yongdingmennei_aq#4,39.43558,128.47192,0.00000
yongdingmennei_aq#40,51.25335,131.77774,76.92916
yongdingmennei_aq#41,51.27074,131.80558,76.11976
yongdingmennei_aq#42,51.28615,131.86031,75.12877
yongdingmennei_aq#43,51.29980,131.92340,73.91569
yongdingmennei_aq#44,51.31190,131.97685,72.61844
yongdingmennei_aq#45,51.32261,132.00855,71.41278
yongdingmennei_aq#46,51.33210,132.01491,70.27277
yongdingmennei_aq#47,51.34050,132.00034,69.28314
yongdingmennei_aq#5,40.80206,126.59597,0.00000
yongdingmennei_aq#6,42.01255,125.22932,14.69817
yongdingmennei_aq#7,43.08485,124.84329,32.87003
yongdingmennei_aq#8,44.03473,125.51341,52.21661
yongdingmennei_aq#9,44.87619,126.97018,69.99654
yongledian_aq#0,43.20462,99.53111,0.00000
yongledian_aq#1,45.32830,103.62970,0.00000
yongledian_aq#10,56.77198,124.93452,70.71195
yongledian_aq#11,57.10612,125.90942,75.36869
yongledian_aq#12,58.18125,126.47880,78.02668
yongledian_aq#13,58.69232,126.44103,80.00793
yongledian_aq#14,59.40565,127.60905,83.82582
yongledian_aq#15,59.85310,126.69127,84.49230
yongledian_aq#16,60.66665,126.74599,83.63572
yongledian_aq#17,59.86894,126.46225,81.31952
yongledian_aq#18,61.06489,125.63369,80.06379
yongledian_aq#19,60.24040,125.99002,74.22211
yongledian_aq#2,46.42597,107.68232,9.02851
yongledian_aq#20,59.01882,125.68136,76.00953
yongledian_aq#21,61.10612,123.37929,70.78870
yongledian_aq#22,62.17275,123.00345,64.04107
yongledian_aq#23,61.99847,125.10151,63.03924
yongledian_aq#24,62.28042,125.46985,64.97414
yongledian_aq#25,62.52191,125.35077,66.96875
yongledian_aq#26,62.79097,125.22075,68.59929
yongledian_aq#27,63.01105,125.19459,69.93222
yongledian_aq#28,63.24090,125.03199,71.02186
yongledian_aq#29,63.45597,125.00863,71.91262
yongledian_aq#3,48.18942,109.46409,20.84416
yongledian_aq#30,63.66963,124.94640,72.64080
yongledian_aq#31,63.87733,124.96905,73.23607
yongledian_aq#32,64.02662,124.81109,73.72268
yongledian_aq#33,64.18733,124.68587,74.12048
yongledian_aq#34,64.29082,124.65760,74.44568
yongledian_aq#35,64.46276,124.62572,74.71151
yongledian_aq#36,64.58988,124.61177,74.92883
yongledian_aq#37,64.73274,124.62639,75.10648
yongledian_aq#38,64.85673,124.57795,75.25171
yongledian_aq#39,64.98390,124.63368,75.37043
yongledian_aq#4,49.36228,113.74686,29.16945
yongledian_aq#40,65.08575,124.63872,75.46748
yongledian_aq#41,65.25356,124.65975,75.54681
yongledian_aq#42,65.32228,124.70742,75.61167
yongledian_aq#43,65.47664,124.69415,75.66469
yongledian_aq#44,65.64253,124.71389,75.70803
yongledian_aq#45,65.65016,124.83411,75.74346
yongledian_aq#46,65.69869,124.85612,75.77242
yongledian_aq#47,65.79859,124.75223,75.79610
yongledian_aq#5,50.50130,115.12303,36.91145
yongledian_aq#6,51.33541,117.12874,44.48359
yongledian_aq#7,51.98325,117.34425,49.71628
yongledian_aq#8,53.60513,121.02185,57.65901
yongledian_aq#9,54.69776,123.96985,64.64466
yufa_aq#0,40.58834,78.52677,0.00000
yufa_aq#1,43.16344,80.68461,0.00000
yufa_aq#10,52.00364,120.26877,115.40175
yufa_aq#11,52.77480,123.24538,118.31715
yufa_aq#12,53.19662,124.14114,118.44187
yufa_aq#13,53.69642,125.94185,116.29034
yufa_aq#14,54.62157,123.77396,112.45725
yufa_aq#15,55.20919,123.92250,107.55624
yufa_aq#16,55.55560,126.32870,102.16869
yufa_aq#17,55.94696,125.39558,96.80460
yufa_aq#18,56.03805,123.95381,91.87634
yufa_aq#19,56.52735,126.55241,87.68499
yufa_aq#2,44.02853,89.06148,6.08189
yufa_aq#20,57.15344,126.16305,84.41781
yufa_aq#21,57.52324,126.08761,82.15509
yufa_aq#22,58.09421,126.75512,80.88401
yufa_aq#23,58.31842,127.28853,80.51707
yufa_aq#24,58.55971,127.41964,80.91298
yufa_aq#25,58.82312,127.45853,81.89771
yufa_aq#26,59.01528,127.27069,83.28416
yufa_aq#27,59.23072,126.98517,84.88914
yufa_aq#28,59.41262,126.90776,86.54692
yufa_aq#29,59.57257,126.84789,88.11876
yufa_aq#3,46.06190,99.89714,20.29410
yufa_aq#30,59.72666,126.82148,89.49867
yufa_aq#31,59.85349,126.68992,90.61549
yufa_aq#32,59.97231,126.66338,91.43184
yufa_aq#33,60.05376,126.61497,91.94073
yufa_aq#34,60.15888,126.58543,92.16036
yufa_aq#35,60.25521,126.50420,92.12799
yufa_aq#36,60.33392,126.48967,91.89347
yufa_aq#37,60.40940,126.44227,91.51299
yufa_aq#38,60.49340,126.52579,91.04351
yufa_aq#39,60.56170,126.52987,90.53824
yufa_aq#4,47.46725,104.14483,37.21034
yufa_aq#40,60.61784,126.45678,90.04316
yufa_aq#41,60.67146,126.49440,89.59482
yufa_aq#42,60.71174,126.54802,89.21927
yufa_aq#43,60.76161,126.46534,88.93203
yufa_aq#44,60.81289,126.48209,88.73884
yufa_aq#45,60.85314,126.48771,88.63703
yufa_aq#46,60.89740,126.46792,88.61735
yufa_aq#47,60.92816,126.45220,88.66592
yufa_aq#5,48.56701,107.55153,55.00838
yufa_aq#6,49.82537,109.69431,72.13969
yufa_aq#7,50.55112,114.75144,87.39839
yufa_aq#8,51.31163,116.48998,99.95058
yufa_aq#9,51.17445,118.72570,109.32927
yungang_aq#0,19.14912,73.91587,26.06520
yungang_aq#1,22.06466,77.20141,24.21413
yungang_aq#10,33.71203,92.75142,104.08669
yungang_aq#11,34.74327,93.60967,110.28653
yungang_aq#12,35.40819,94.37292,114.18116
yungang_aq#13,36.37662,95.08656,115.82123
yungang_aq#14,36.94764,95.94158,115.40490
yungang_aq#15,37.73732,96.52618,113.24400
yungang_aq#16,38.30405,96.91119,109.72696
yungang_aq#17,38.90774,97.06993,105.28164
yungang_aq#18,39.46629,97.16179,100.34060
yungang_aq#19,39.93736,96.96397,95.31076
yungang_aq#2,23.60579,80.08696,25.15747
yungang_aq#20,40.44953,97.25205,90.54910
yungang_aq#21,40.84625,98.06149,86.34502
yungang_aq#22,41.28433,98.23225,82.90985
yungang_aq#23,41.64082,98.03529,80.37310
yungang_aq#24,42.00171,98.03384,78.78487
yungang_aq#25,42.32702,98.12835,78.12335
yungang_aq#26,42.62473,98.21199,78.30621
yungang_aq#27,42.91540,98.28872,79.20461
yungang_aq#28,43.16777,98.35997,80.65839
yungang_aq#29,43.41978,98.41874,82.49142
yungang_aq#3,24.85052,82.46245,30.35425
yungang_aq#30,43.63984,98.47566,84.52581
yungang_aq#31,43.85399,98.52380,86.59440
yungang_aq#32,44.04820,98.55866,88.55070
yungang_aq#33,44.22954,98.59065,90.27609
yungang_aq#34,44.40016,98.62670,91.68414
yungang_aq#35,44.55512,98.65519,92.72205
yungang_aq#36,44.70326,98.68024,93.36968
yungang_aq#37,44.83724,98.70166,93.63641
yungang_aq#38,44.96461,98.71673,93.55642
yungang_aq#39,45.08127,98.73293,93.18297
yungang_aq#4,27.08189,84.35068,38.86236
yungang_aq#40,45.19042,98.74944,92.58207
yungang_aq#41,45.29198,98.76710,91.82624
yungang_aq#42,45.38575,98.78350,90.98863
yungang_aq#43,45.47381,98.80272,90.13790
yungang_aq#44,45.55474,98.81181,89.33419
yungang_aq#45,45.63075,98.81039,88.62608
yungang_aq#46,45.70086,98.81838,88.04895
yungang_aq#47,45.76632,98.83135,87.62430
yungang_aq#5,27.66422,86.25824,49.64252
yungang_aq#6,29.72638,87.64490,61.64289
yungang_aq#7,30.36125,88.99167,73.87291
yungang_aq#8,31.85380,90.62771,85.46271
yungang_aq#9,32.74911,92.00032,95.70617
zhiwuyuan_aq#0,0.00000,0.00000,0.00000
zhiwuyuan_aq#1,0.00000,0.00000,0.00000
zhiwuyuan_aq#10,0.00000,0.00000,0.00000
zhiwuyuan_aq#11,0.00000,0.00000,0.00000
zhiwuyuan_aq#12,0.00000,0.00000,0.00000
zhiwuyuan_aq#13,0.00000,0.00000,0.00000
zhiwuyuan_aq#14,0.00000,0.00000,0.00000
zhiwuyuan_aq#15,0.00000,0.00000,0.00000
zhiwuyuan_aq#16,0.00000,0.00000,0.00000
zhiwuyuan_aq#17,0.00000,0.00000,0.00000
zhiwuyuan_aq#18,0.00000,0.00000,0.00000
zhiwuyuan_aq#19,0.00000,0.00000,0.00000
zhiwuyuan_aq#2,0.00000,0.00000,0.00000
zhiwuyuan_aq#20,0.00000,0.00000,0.00000
zhiwuyuan_aq#21,0.00000,0.00000,0.00000
zhiwuyuan_aq#22,0.00000,0.00000,0.00000
zhiwuyuan_aq#23,0.00000,0.00000,0.00000
zhiwuyuan_aq#24,0.00000,0.00000,0.00000
zhiwuyuan_aq#25,0.00000,0.00000,0.00000
zhiwuyuan_aq#26,0.00000,0.00000,0.00000
zhiwuyuan_aq#27,0.00000,0.00000,0.00000
zhiwuyuan_aq#28,0.00000,0.00000,0.00000
zhiwuyuan_aq#29,0.00000,0.00000,0.00000
zhiwuyuan_aq#3,0.00000,0.00000,0.00000
zhiwuyuan_aq#30,0.00000,0.00000,0.00000
zhiwuyuan_aq#31,0.00000,0.00000,0.00000
zhiwuyuan_aq#32,0.00000,0.00000,0.00000
zhiwuyuan_aq#33,0.00000,0.00000,0.00000
zhiwuyuan_aq#34,0.00000,0.00000,0.00000
zhiwuyuan_aq#35,0.00000,0.00000,0.00000
zhiwuyuan_aq#36,0.00000,0.00000,0.00000
zhiwuyuan_aq#37,0.00000,0.00000,0.00000
zhiwuyuan_aq#38,0.00000,0.00000,0.00000
zhiwuyuan_aq#39,0.00000,0.00000,0.00000
zhiwuyuan_aq#4,0.00000,0.00000,0.00000
zhiwuyuan_aq#40,0.00000,0.00000,0.00000
zhiwuyuan_aq#41,0.00000,0.00000,0.00000
zhiwuyuan_aq#42,0.00000,0.00000,0.00000
zhiwuyuan_aq#43,0.00000,0.00000,0.00000
zhiwuyuan_aq#44,0.00000,0.00000,0.00000
zhiwuyuan_aq#45,0.00000,0.00000,0.00000
zhiwuyuan_aq#46,0.00000,0.00000,0.00000
zhiwuyuan_aq#47,0.00000,0.00000,0.00000
zhiwuyuan_aq#5,0.00000,0.00000,0.00000
zhiwuyuan_aq#6,0.00000,0.00000,0.00000
zhiwuyuan_aq#7,0.00000,0.00000,0.00000
zhiwuyuan_aq#8,0.00000,0.00000,0.00000
zhiwuyuan_aq#9,0.00000,0.00000,0.00000
