"test_id","PM2.5","PM10"
"BL0#0",7.86829344358368,12.4654584369534
"BL0#1",7.86869592223473,12.4654584369534
"BL0#10",7.23255695341423,12.4654584369534
"BL0#11",7.65063314519141,12.4654584369534
"BL0#12",7.38721825494914,12.4654584369534
"BL0#13",7.78571125159465,12.4654584369534
"BL0#14",8.2854847049268,12.4654584369534
"BL0#15",7.97132931680478,12.4654584369534
"BL0#16",8.30954756861615,12.4654584369534
"BL0#17",7.8735495335196,12.4654584369534
"BL0#18",7.6405083553715,12.4654584369534
"BL0#19",7.22467588151658,12.4654584369534
"BL0#2",7.79430684566659,12.4654584369534
"BL0#20",7.10727628717271,12.4654584369534
"BL0#21",6.32078325992462,12.4654584369534
"BL0#22",6.23816777111824,12.4654584369534
"BL0#23",6.14025425940457,12.4654584369534
"BL0#24",6.14025425940457,12.4654584369534
"BL0#25",6.14025425940457,12.4654584369534
"BL0#26",6.14025425940457,12.4654584369534
"BL0#27",6.14025425940457,12.4654584369534
"BL0#28",6.14025425940457,12.4654584369534
"BL0#29",6.14025425940457,12.4654584369534
"BL0#3",7.52578319430717,12.4654584369534
"BL0#30",6.14025425940457,12.4654584369534
"BL0#31",6.14025425940457,12.4654584369534
"BL0#32",6.14025425940457,12.4654584369534
"BL0#33",6.14025425940457,12.4654584369534
"BL0#34",6.14025425940457,12.4654584369534
"BL0#35",6.14025425940457,12.4654584369534
"BL0#36",6.14025425940457,12.4654584369534
"BL0#37",6.14025425940457,12.4654584369534
"BL0#38",6.14025425940457,12.4654584369534
"BL0#39",6.14025425940457,12.4654584369534
"BL0#4",7.53076102141773,12.4654584369534
"BL0#40",6.14025425940457,12.4654584369534
"BL0#41",6.14025425940457,12.4654584369534
"BL0#42",6.14025425940457,12.4654584369534
"BL0#43",6.14025425940457,12.4654584369534
"BL0#44",6.14025425940457,12.4654584369534
"BL0#45",6.14025425940457,12.4654584369534
"BL0#46",6.14025425940457,12.4654584369534
"BL0#47",6.14025425940457,12.4654584369534
"BL0#5",6.7094603764103,12.4654584369534
"BL0#6",6.71686676939634,12.4654584369534
"BL0#7",6.96014763295269,12.4654584369534
"BL0#8",7.0600419049881,12.4654584369534
"BL0#9",7.08876006713268,12.4654584369534
"CD1#0",13.6666691658157,16.8352277064556
"CD1#1",14.8107105316493,18.4622514944338
"CD1#10",21.1385010819659,26.5575587165807
"CD1#11",21.5371982070765,26.9898579982812
"CD1#12",21.8957915264867,27.3677278199207
"CD1#13",22.2183149675322,27.6980212257857
"CD1#14",22.5083966963132,27.9867284146387
"CD1#15",22.7692999320588,28.2390853779183
"CD1#16",23.003959656091,28.4596688596415
"CD1#17",23.2150156283387,28.6524793601991
"CD1#18",23.404842082815,28.8210136894012
"CD1#19",23.5755744361111,28.9683283845938
"CD1#2",15.8461100865352,19.9154872105158
"CD1#20",23.729133309359,29.097095143998
"CD1#21",23.8672461338937,29.2096492806085
"CD1#22",23.991466583663,29.3080320754133
"CD1#23",24.1031920529878,29.3940277980502
"CD1#24",24.203679376283,29.4691960663082
"CD1#25",24.2940589665774,29.5349001313435
"CD1#26",24.3753475318802,29.5923316015931
"CD1#27",24.4484595124442,29.642532053776
"CD1#28",24.5142173675877,29.6864119229211
"CD1#29",24.5733608277935,29.7247670140104
"CD1#3",16.7771467626051,21.1839728714838
"CD1#30",24.6265552161673,29.7582929346917
"CD1#31",24.6743989328624,29.7875977108141
"CD1#32",24.717430186669,29.8132128135805
"CD1#33",24.7561330494915,29.8356027983048
"CD1#34",24.7909429018234,29.8551737295841
"CD1#35",24.8222513304768,29.8722805456833
"CD1#36",24.8504105336645,29.8872334956923
"CD1#37",24.8757372829863,29.9003037662019
"CD1#38",24.8985164868912,29.911728399541
"CD1#39",24.9190043957005,29.9217145927755
"CD1#4",17.6145403011381,22.2928491652059
"CD1#40",24.9374314842471,29.9304434554317
"CD1#41",24.9540050445585,29.9380732940982
"CD1#42",24.9689115177488,29.9447424834726
"CD1#43",24.9823185913526,29.9505719759238
"CD1#44",24.9943770856943,29.955667495084
"CD1#45",25.0052226505121,29.9601214532507
"CD1#46",25.0149772909245,29.9640146273763
"CD1#47",25.0237507399032,29.967417624038
"CD1#5",18.3677025739879,23.2621044674779
"CD1#6",19.045106411798,24.109324177736
"CD1#7",19.654372131001,24.8498730662412
"CD1#8",20.2023535507186,25.497181745047
"CD1#9",20.6952150836855,26.0629897982478
"CD9#0",10.8959490929655,12.6193328014448
"CD9#1",10.912953432324,12.6583898756603
"CD9#10",10.9271046869636,12.8700022584104
"CD9#11",10.9032021504569,12.8155286943601
"CD9#12",10.9263714597955,12.8741943562306
"CD9#13",10.9046091437038,12.7915470677453
"CD9#14",10.9358004741103,12.8354798486491
"CD9#15",10.9218660131209,12.7460963653872
"CD9#16",10.9675452865367,12.8493853418307
"CD9#17",10.9186026266613,12.7783833985954
"CD9#18",10.932915759189,12.9354066749608
"CD9#19",10.9272803858815,12.8782970167883
"CD9#2",10.9241216723052,12.6680962533315
"CD9#20",10.9407124268521,12.8767565326725
"CD9#21",10.9109569649763,12.7289244814839
"CD9#22",10.9130452922732,12.6131884216135
"CD9#23",10.9153565216902,12.6675132072413
"CD9#24",10.9157910923533,12.6626424416284
"CD9#25",10.9144334059414,12.6626424416284
"CD9#26",10.9136065860379,12.6626424416284
"CD9#27",10.9131622842139,12.6626424416284
"CD9#28",10.9089315163629,12.6626424416284
"CD9#29",10.9100831775104,12.6626424416284
"CD9#3",10.9199075497193,12.566369514355
"CD9#30",10.91166857378,12.6626424416284
"CD9#31",10.9084689927334,12.6626424416284
"CD9#32",10.9067493275855,12.6626424416284
"CD9#33",10.9103384065168,12.6626424416284
"CD9#34",10.9147695326568,12.6626424416284
"CD9#35",10.9127434933712,12.6626424416284
"CD9#36",10.9147608063046,12.6626424416284
"CD9#37",10.9128711187539,12.6626424416284
"CD9#38",10.9155575288912,12.6626424416284
"CD9#39",10.9143478295852,12.6626424416284
"CD9#4",10.8629527645362,12.7758917322771
"CD9#40",10.9182996516485,12.6626424416284
"CD9#41",10.9140699010866,12.6626424416284
"CD9#42",10.9153092049624,12.6626424416284
"CD9#43",10.9148216666672,12.6626424416284
"CD9#44",10.9159825527409,12.6626424416284
"CD9#45",10.9134087887873,12.6626424416284
"CD9#46",10.9135893860109,12.6626424416284
"CD9#47",10.9137894505415,12.6626424416284
"CD9#5",10.870213755532,12.5858676471802
"CD9#6",10.8876391774628,12.6317283083947
"CD9#7",10.8525398103035,12.5192714536469
"CD9#8",10.8343740800707,12.5793634500097
"CD9#9",10.8762926585903,12.7606681877673
"GN0#0",18.5202448525571,32.2810091201187
"GN0#1",18.5202448525571,32.1579322357621
"GN0#10",18.5202448525571,31.6748256797143
"GN0#11",18.5202448525571,32.0237437577879
"GN0#12",18.5202448525571,32.5981135715803
"GN0#13",18.5202448525571,32.4904231460181
"GN0#14",18.5202448525571,32.781779855826
"GN0#15",18.5202448525571,33.5872581055631
"GN0#16",18.5202448525571,33.0144278068633
"GN0#17",18.5202448525571,33.0274042439748
"GN0#18",18.5202448525571,33.0134518421672
"GN0#19",18.5202448525571,32.7873497866981
"GN0#2",18.5202448525571,32.5458124584417
"GN0#20",18.5202448525571,32.1385454698837
"GN0#21",18.5202448525571,32.3044117868189
"GN0#22",18.5202448525571,32.0129903270239
"GN0#23",18.5202448525571,32.2111995382035
"GN0#24",18.5202448525571,32.182823595188
"GN0#25",18.5202448525571,32.182823595188
"GN0#26",18.5202448525571,32.182823595188
"GN0#27",18.5202448525571,32.182823595188
"GN0#28",18.5202448525571,32.182823595188
"GN0#29",18.5202448525571,32.182823595188
"GN0#3",18.5202448525571,32.4981451792074
"GN0#30",18.5202448525571,32.182823595188
"GN0#31",18.5202448525571,32.182823595188
"GN0#32",18.5202448525571,32.182823595188
"GN0#33",18.5202448525571,32.182823595188
"GN0#34",18.5202448525571,32.182823595188
"GN0#35",18.5202448525571,32.182823595188
"GN0#36",18.5202448525571,32.182823595188
"GN0#37",18.5202448525571,32.182823595188
"GN0#38",18.5202448525571,32.182823595188
"GN0#39",18.5202448525571,32.182823595188
"GN0#4",18.5202448525571,33.4984498731369
"GN0#40",18.5202448525571,32.182823595188
"GN0#41",18.5202448525571,32.182823595188
"GN0#42",18.5202448525571,32.182823595188
"GN0#43",18.5202448525571,32.182823595188
"GN0#44",18.5202448525571,32.182823595188
"GN0#45",18.5202448525571,32.182823595188
"GN0#46",18.5202448525571,32.182823595188
"GN0#47",18.5202448525571,32.182823595188
"GN0#5",18.5202448525571,31.917846440548
"GN0#6",18.5202448525571,31.5940649397389
"GN0#7",18.5202448525571,31.613176992383
"GN0#8",18.5202448525571,32.0243257480296
"GN0#9",18.5202448525571,31.6638054029771
"GN3#0",34.411553058659,42.8926767718407
"GN3#1",34.411553058659,42.8426563830938
"GN3#10",34.411553058659,42.6221716060582
"GN3#11",34.411553058659,42.6120143664276
"GN3#12",34.411553058659,42.6033539542489
"GN3#13",34.411553058659,42.5959697886848
"GN3#14",34.411553058659,42.5896737949201
"GN3#15",34.411553058659,42.5843056138926
"GN3#16",34.411553058659,42.5797285179453
"GN3#17",34.411553058659,42.575825928371
"GN3#18",34.411553058659,42.5724984461508
"GN3#19",34.411553058659,42.5696613202591
"GN3#2",34.411553058659,42.8000072776631
"GN3#20",34.411553058659,42.5672422890538
"GN3#21",34.411553058659,42.5651797397715
"GN3#22",34.411553058659,42.5634211392487
"GN3#23",34.411553058659,42.561921695902
"GN3#24",34.411553058659,42.5606432188853
"GN3#25",34.411553058659,42.5595531453684
"GN3#26",34.411553058659,42.5586237111614
"GN3#27",34.411553058659,42.5578312435601
"GN3#28",34.411553058659,42.557155558402
"GN3#29",34.411553058659,42.5565794459754
"GN3#3",34.411553058659,42.763643182149
"GN3#30",34.411553058659,42.5560882326873
"GN3#31",34.411553058659,42.5556694073276
"GN3#32",34.411553058659,42.5553123024075
"GN3#33",34.411553058659,42.5550078224591
"GN3#34",34.411553058659,42.5547482123732
"GN3#35",34.411553058659,42.5545268598767
"GN3#36",34.411553058659,42.5543381271179
"GN3#37",34.411553058659,42.5541772070706
"GN3#38",34.411553058659,42.5540400010984
"GN3#39",34.411553058659,42.5539230145632
"GN3#4",34.411553058659,42.7326379024557
"GN3#40",34.411553058659,42.5538232678159
"GN3#41",34.411553058659,42.5537382203053
"GN3#42",34.411553058659,42.5536657058699
"GN3#43",34.411553058659,42.553603877566
"GN3#44",34.411553058659,42.5535511606256
"GN3#45",34.411553058659,42.5535062123473
"GN3#46",34.411553058659,42.553467887898
"GN3#47",34.411553058659,42.5534352111531
"GN3#5",34.411553058659,42.7062017336117
"GN3#6",34.411553058659,42.6836613459727
"GN3#7",34.411553058659,42.6644426355039
"GN3#8",34.411553058659,42.6480561013413
"GN3#9",34.411553058659,42.6340843781969
"GR4#0",12.7399427125187,14.9611709755922
"GR4#1",12.7399427125187,16.7038838620028
"GR4#10",12.7399427125187,24.3536259634835
"GR4#11",12.7399427125187,24.7038071980179
"GR4#12",12.7399427125187,25.0020703287539
"GR4#13",12.7399427125187,25.2561127684488
"GR4#14",12.7399427125187,25.4724907063015
"GR4#15",12.7399427125187,25.6567883065197
"GR4#16",12.7399427125187,25.813761821395
"GR4#17",12.7399427125187,25.9474623380763
"GR4#18",12.7399427125187,26.0613403268252
"GR4#19",12.7399427125187,26.1583346888771
"GR4#2",12.7399427125187,18.1882209715172
"GR4#20",12.7399427125187,26.2409486020064
"GR4#21",12.7399427125187,26.3113141211784
"GR4#22",12.7399427125187,26.3712472014647
"GR4#23",12.7399427125187,26.4222945632247
"GR4#24",12.7399427125187,26.465773609024
"GR4#25",12.7399427125187,26.5028064224435
"GR4#26",12.7399427125187,26.5343487262027
"GR4#27",12.7399427125187,26.5612145469322
"GR4#28",12.7399427125187,26.5840972231305
"GR4#29",12.7399427125187,26.6035872984671
"GR4#3",12.7399427125187,19.4524892694463
"GR4#30",12.7399427125187,26.6201877622124
"GR4#31",12.7399427125187,26.6343270301116
"GR4#32",12.7399427125187,26.6463700007052
"GR4#33",12.7399427125187,26.6566274724323
"GR4#34",12.7399427125187,26.6653641645479
"GR4#35",12.7399427125187,26.6728055488531
"GR4#36",12.7399427125187,26.6791436685495
"GR4#37",12.7399427125187,26.684542094385
"GR4#38",12.7399427125187,26.6891401459993
"GR4#39",12.7399427125187,26.6930564874091
"GR4#4",12.7399427125187,20.5293163048301
"GR4#40",12.7399427125187,26.6963921894249
"GR4#41",12.7399427125187,26.6992333380312
"GR4#42",12.7399427125187,26.7016532560468
"GR4#43",12.7399427125187,26.7037143954007
"GR4#44",12.7399427125187,26.7054699488568
"GR4#45",12.7399427125187,26.7069652227846
"GR4#46",12.7399427125187,26.7082388064008
"GR4#47",12.7399427125187,26.7093235676591
"GR4#5",12.7399427125187,21.4464922444886
"GR4#6",12.7399427125187,22.2276870665415
"GR4#7",12.7399427125187,22.8930614223379
"GR4#8",12.7399427125187,23.459786931588
"GR4#9",12.7399427125187,23.942489338191
"GR9#0",34.2860327138039,43.3475335366123
"GR9#1",34.2860327138039,43.2538386533595
"GR9#10",34.2860327138039,43.4129789722115
"GR9#11",34.2860327138039,43.4052490627824
"GR9#12",34.2860327138039,43.262032233253
"GR9#13",34.2860327138039,43.2367999087601
"GR9#14",34.2860327138039,43.2066413832111
"GR9#15",34.2860327138039,43.1771308411948
"GR9#16",34.2860327138039,43.2588037589466
"GR9#17",34.2860327138039,43.1310054663249
"GR9#18",34.2860327138039,43.0634188516184
"GR9#19",34.2860327138039,43.1224767699134
"GR9#2",34.2860327138039,43.3339934766055
"GR9#20",34.2860327138039,43.1486605673886
"GR9#21",34.2860327138039,43.1646664100999
"GR9#22",34.2860327138039,43.2027838782354
"GR9#23",34.2860327138039,43.3600684038924
"GR9#24",34.2860327138039,43.3327590590583
"GR9#25",34.2860327138039,43.3327590590583
"GR9#26",34.2860327138039,43.3327590590583
"GR9#27",34.2860327138039,43.3327590590583
"GR9#28",34.2860327138039,43.3327590590583
"GR9#29",34.2860327138039,43.3327590590583
"GR9#3",34.2860327138039,43.1533365947251
"GR9#30",34.2860327138039,43.3327590590583
"GR9#31",34.2860327138039,43.3327590590583
"GR9#32",34.2860327138039,43.3327590590583
"GR9#33",34.2860327138039,43.3327590590583
"GR9#34",34.2860327138039,43.3327590590583
"GR9#35",34.2860327138039,43.3327590590583
"GR9#36",34.2860327138039,43.3327590590583
"GR9#37",34.2860327138039,43.3327590590583
"GR9#38",34.2860327138039,43.3327590590583
"GR9#39",34.2860327138039,43.3327590590583
"GR9#4",34.2860327138039,43.3709716928085
"GR9#40",34.2860327138039,43.3327590590583
"GR9#41",34.2860327138039,43.3327590590583
"GR9#42",34.2860327138039,43.3327590590583
"GR9#43",34.2860327138039,43.3327590590583
"GR9#44",34.2860327138039,43.3327590590583
"GR9#45",34.2860327138039,43.3327590590583
"GR9#46",34.2860327138039,43.3327590590583
"GR9#47",34.2860327138039,43.3327590590583
"GR9#5",34.2860327138039,43.3817569321795
"GR9#6",34.2860327138039,43.2761380494741
"GR9#7",34.2860327138039,43.3117151035281
"GR9#8",34.2860327138039,43.3802764742801
"GR9#9",34.2860327138039,43.3539145948559
"HV1#0",31.9797839736665,38.9642678566793
"HV1#1",31.4573219993342,38.3814929040693
"HV1#10",29.6453427476024,35.7545545112149
"HV1#11",29.5890177353618,35.5624417994189
"HV1#12",29.5439395987343,35.0356845052065
"HV1#13",29.5078625821305,34.507888498993
"HV1#14",29.4789893583374,35.2152981556588
"HV1#15",29.4558814871581,34.7486124806034
"HV1#16",29.4373877535085,34.6250238783451
"HV1#17",29.4225868148305,34.3027724583131
"HV1#18",29.4107413005661,34.3200663317705
"HV1#19",29.4012610769639,34.5980167712881
"HV1#2",31.0391842781913,37.7750338528893
"HV1#20",29.3936738471028,34.4472961736284
"HV1#21",29.3876016214486,35.9443605486427
"HV1#22",29.3827418867271,35.4812966174055
"HV1#23",29.3788525349625,35.0386695093636
"HV1#24",29.3757398018575,34.4487370232151
"HV1#25",29.3732486136161,34.9303562459645
"HV1#26",29.3712548612947,35.4676110202201
"HV1#27",29.3696592177969,34.5315761174564
"HV1#28",29.3683821894795,35.0121606111011
"HV1#29",29.3673601558452,34.66713772666
"HV1#3",30.704539533823,37.1690221511522
"HV1#30",29.3665422000211,34.3012951097508
"HV1#31",29.3658875721226,34.3258935952308
"HV1#32",29.3653636591277,34.4318961208855
"HV1#33",29.3649443601231,34.537953245663
"HV1#34",29.3646087859783,34.4430941237198
"HV1#35",29.3643402186661,34.1424579894835
"HV1#36",29.3641252783844,35.1292271461314
"HV1#37",29.3639532569858,34.7415006265187
"HV1#38",29.363815584506,34.6084389795188
"HV1#39",29.3637054022157,34.9829958867964
"HV1#4",30.436716041058,37.1838900202551
"HV1#40",29.3636172209239,35.1304324556362
"HV1#41",29.3635466475114,36.0885491182507
"HV1#42",29.3634901660692,35.1074487737436
"HV1#43",29.3634449627382,35.3107342152363
"HV1#44",29.3634087855258,34.952511447869
"HV1#45",29.3633798321131,34.6743114793453
"HV1#46",29.363356660065,34.5620805470015
"HV1#47",29.3633381149692,35.1531368187005
"HV1#5",30.2223710543699,37.2766580357911
"HV1#6",30.0508260832995,37.2214296859662
"HV1#7",29.9135348988673,37.0522744031059
"HV1#8",29.8036577674936,36.1169103463215
"HV1#9",29.7157207011127,35.7192099393875
"KF1#0",20.7382267039742,28.2425612378498
"KF1#1",20.4775470829529,28.2261540235894
"KF1#10",20.2018839545728,27.4989795792561
"KF1#11",20.2158102016933,27.1934636587935
"KF1#12",20.3726614031737,27.5457463885387
"KF1#13",20.4277920276056,27.7189916566686
"KF1#14",20.4690903125726,27.6596179077086
"KF1#15",20.5004106585031,27.7299754702064
"KF1#16",20.5582617868948,27.9910071275456
"KF1#17",20.5811857959409,27.9497627654542
"KF1#18",20.5849117627189,28.0459977585796
"KF1#19",20.600722959721,28.1031039082348
"KF1#2",20.564055364797,28.3104860273047
"KF1#20",20.6299882238222,28.1942490913387
"KF1#21",20.6534973235264,28.2538234108488
"KF1#22",20.6046276373702,28.1668029374778
"KF1#23",20.5048390923475,27.9653455090331
"KF1#24",20.4764000924182,27.9668996343687
"KF1#25",20.4756932933886,28.0004131612954
"KF1#26",20.4750452427331,27.9800890936039
"KF1#27",20.4744510573501,27.9753419184996
"KF1#28",20.4739062600163,27.9899058876671
"KF1#29",20.47340674565,27.984232795873
"KF1#3",20.5199330829983,27.9597312142309
"KF1#30",20.4729487503799,27.9804602818984
"KF1#31",20.4725288231834,27.986328809738
"KF1#32",20.4721437998832,27.985233260496
"KF1#33",20.471790779305,27.9831561697957
"KF1#34",20.4714671014171,27.9853712445359
"KF1#35",20.4711703272867,27.9854527253376
"KF1#36",20.4708982207023,27.9844941766805
"KF1#37",20.4706487313241,27.9852836636096
"KF1#38",20.4704199792344,27.9855362874094
"KF1#39",20.470210240772,27.9851522659576
"KF1#4",20.5190563781302,28.1684308506799
"KF1#40",20.4700179355447,27.9854225967982
"KF1#41",20.4698416145207,27.9856156793662
"KF1#42",20.4696799491104,27.9854868885853
"KF1#43",20.4695317211549,27.985580459952
"KF1#44",20.4693958137474,27.9856974711213
"KF1#45",20.4692712028172,27.9856686035376
"KF1#46",20.4691569494133,27.9857054221141
"KF1#47",20.4690521926294,27.9857710063385
"KF1#5",20.2084619458149,27.6205801013752
"KF1#6",20.1335507526749,27.3514020686317
"KF1#7",20.1249846966266,27.3757470541069
"KF1#8",20.1881157219241,27.5181186303465
"KF1#9",20.2344187972266,27.5743700041821
"LW2#0",22.690025507866,32.2618416435242
"LW2#1",23.0836116796062,32.3403918809552
"LW2#10",24.2011332160117,32.9596886263406
"LW2#11",24.2394212259023,33.0146440009289
"LW2#12",24.2702442867161,33.0496131721441
"LW2#13",24.295083098782,33.1715781819382
"LW2#14",24.3150792377809,33.243408273784
"LW2#15",24.3311860269819,33.2241798047736
"LW2#16",24.3441572214042,33.2839124499901
"LW2#17",24.3546035588657,33.2903981154521
"LW2#18",24.3630167418297,33.3085687264232
"LW2#19",24.3697922744974,33.3114183566453
"LW2#2",23.2423163801332,32.5145443006292
"LW2#20",24.3752490266311,33.2952867194489
"LW2#21",24.3796436539257,33.2333291155304
"LW2#22",24.3831828968253,33.1963485771858
"LW2#23",24.3860332522731,33.15032174122
"LW2#24",24.388328805038,33.1706135559698
"LW2#25",24.390177544773,33.1795768384565
"LW2#26",24.3916664401327,33.187900706723
"LW2#27",24.3928655323809,33.1945691368445
"LW2#28",24.3938312296945,33.2000341871246
"LW2#29",24.394608960747,33.2044965455589
"LW2#3",23.5209269937273,32.7354418083202
"LW2#30",24.3952353118735,33.2081423391489
"LW2#31",24.3957397481174,33.2111207065316
"LW2#32",24.3961459993618,33.2135538691049
"LW2#33",24.3964731766328,33.2155416243778
"LW2#34",24.396736671128,33.2171655078951
"LW2#35",24.3969488782561,33.2184921287044
"LW2#36",24.3971197807455,33.2195759027381
"LW2#37",24.3972574182563,33.2204612847146
"LW2#38",24.3973682655849,33.2211845916218
"LW2#39",24.3974575372534,33.221775492381
"LW2#4",23.6721183047285,32.8345962738361
"LW2#40",24.3975294328138,33.2222582248196
"LW2#41",24.3975873344044,33.2226525898693
"LW2#42",24.3976339658539,33.2229747637694
"LW2#43",24.3976715208168,33.2232379615907
"LW2#44",24.3977017659678,33.2234529792974
"LW2#45",24.397726124111,33.2236286365805
"LW2#46",24.3977457411113,33.2237721386276
"LW2#47",24.3977615397992,33.223889371669
"LW2#5",23.8174701764646,32.9124698067261
"LW2#6",23.930894154415,33.0805615104163
"LW2#7",24.0208161407116,33.13311558826
"LW2#8",24.0947547872551,33.162360251813
"LW2#9",24.153536968128,33.1558463955986
"MY7#0",18.3199742510664,37.7164770931278
"MY7#1",18.8364822154979,38.4381835463558
"MY7#10",21.7132743345208,39.8961317382172
"MY7#11",21.4017568079796,39.7884294309935
"MY7#12",21.4065684023042,39.1762064473117
"MY7#13",21.7193884955819,39.6610028544218
"MY7#14",21.4906200563785,39.4789316597969
"MY7#15",21.5932796233078,39.0777317597201
"MY7#16",21.291587169335,39.239919693168
"MY7#17",21.788968447688,39.2468406164061
"MY7#18",22.2982256264357,39.4663477732872
"MY7#19",22.2389149012399,39.7288279346014
"MY7#2",18.8100469859154,38.7857597979955
"MY7#20",22.8216302003672,40.1948220076189
"MY7#21",22.9446592525951,40.0868046040463
"MY7#22",23.035000956879,40.1989659992448
"MY7#23",22.8479831670936,40.0825666818245
"MY7#24",22.9179824004164,40.0561663739796
"MY7#25",22.9469861316632,40.0246499032781
"MY7#26",22.6260112901708,40.0103959409219
"MY7#27",22.6400720675773,40.0313351276363
"MY7#28",22.5811602406478,40.0219634541279
"MY7#29",22.7393811303422,40.0015027429015
"MY7#3",20.8046048862503,38.3842735113647
"MY7#30",22.8098520076342,39.984942047749
"MY7#31",22.8120349143513,39.9740804541338
"MY7#32",22.6720106697017,39.9681210653879
"MY7#33",22.7302861005092,39.9662868057581
"MY7#34",22.7359780541399,39.9655317905738
"MY7#35",22.737948739841,39.9709996044901
"MY7#36",22.6034245251681,40.0003954484389
"MY7#37",22.6111228842367,39.9775676562398
"MY7#38",22.5524993462826,39.986410927874
"MY7#39",22.5912772519637,40.0056403841318
"MY7#4",21.656516351872,38.6128185633329
"MY7#40",22.5264090811262,39.9980486836099
"MY7#41",22.572768104295,39.9978180391966
"MY7#42",22.6295339711638,39.9874588863801
"MY7#43",22.6118063242331,39.975040988886
"MY7#44",22.7780488385471,39.952932396597
"MY7#45",22.8074028433792,39.9581119839816
"MY7#46",22.859433391398,39.9528125358712
"MY7#47",22.8699849599609,39.9583761557002
"MY7#5",22.1564594658326,39.0685923410962
"MY7#6",21.8235829605055,39.4375353326468
"MY7#7",21.6296650017439,39.6827282109452
"MY7#8",21.6440830132534,39.82166665068
"MY7#9",21.9875654710737,39.8712899778429
"ST5#0",37.1628665795062,30.8531215637614
"ST5#1",35.2438051080953,32.7035877486353
"ST5#10",34.2961699213878,39.1917778275545
"ST5#11",34.3650822322512,39.3244251825886
"ST5#12",34.5272978842134,39.424139540875
"ST5#13",35.0282961709509,39.4990973353532
"ST5#14",34.8047873113497,39.5554449973819
"ST5#15",34.931479215987,39.597802954116
"ST5#16",35.0008701657052,39.629644497033
"ST5#17",36.1082418545986,39.6535805868141
"ST5#18",35.9188078582936,39.6715739483639
"ST5#19",35.602427643683,39.6851000114268
"ST5#2",35.1034350994962,34.4934067262256
"ST5#20",35.6535069276303,39.6952678937026
"ST5#21",34.632683208943,39.7029113469006
"ST5#22",34.8161793515947,39.7086571231797
"ST5#23",35.1503050558175,39.7129763679235
"ST5#24",35.5741575005551,39.7162232529832
"ST5#25",34.9863881671229,39.7186640182596
"ST5#26",35.1352090613332,39.7204988029916
"ST5#27",35.2524695964966,39.7218780568861
"ST5#28",35.5858809273794,39.7229148767769
"ST5#29",35.2344055349067,39.7236942804025
"ST5#3",34.6560952489966,35.7864546203861
"ST5#30",35.0273646104992,39.7242801777381
"ST5#31",34.9077355057671,39.7247206115219
"ST5#32",34.8690601563292,39.72505169669
"ST5#33",34.9137820265364,39.7253005817497
"ST5#34",35.0643377233075,39.7254876749176
"ST5#35",34.9282883601384,39.7256283175641
"ST5#36",34.8287724652755,39.7257340421837
"ST5#37",34.8643270524914,39.7258135180431
"ST5#38",34.7460739739137,39.7258732620483
"ST5#39",34.5339106700374,39.7259181731217
"ST5#4",34.7547970399526,36.7653578230284
"ST5#40",34.4519946352252,39.7259519339068
"ST5#41",34.5932429704465,39.7259773127392
"ST5#42",34.5964251298296,39.7259963906467
"ST5#43",34.6040485824353,39.7260107319903
"ST5#44",34.5669617591434,39.7260215127395
"ST5#45",34.5044755619011,39.7260296169002
"ST5#46",34.7851851301446,39.7260357090019
"ST5#47",34.9290056761517,39.7260402885882
"ST5#5",34.8832500335021,37.5003190416484
"ST5#6",33.8265933687654,38.0529268251212
"ST5#7",33.7836771867646,38.4683203859826
"ST5#8",33.8634401660636,38.7805842416283
"ST5#9",34.1103687945182,39.0153205768013
"TH4#0",34.8125802823538,47.9300758084001
"TH4#1",34.427121795478,47.2687689414307
"TH4#10",32.118018631954,44.142542846419
"TH4#11",32.1707758915389,43.9421951749304
"TH4#12",32.8556232879013,43.7864699184281
"TH4#13",33.3038863569822,43.6285194095699
"TH4#14",33.3750875571905,43.5045665991067
"TH4#15",33.448378785543,43.3800034113574
"TH4#16",33.3973361287667,43.2813777212453
"TH4#17",33.3847041120271,43.1831165177127
"TH4#18",33.330967134179,43.1046701108824
"TH4#19",33.4797744605858,43.0271364475279
"TH4#2",34.3822208820974,46.784744200685
"TH4#20",33.5099916732906,42.9647604898476
"TH4#21",33.4333360928022,42.9035667487564
"TH4#22",33.3861188221343,42.8539836802849
"TH4#23",33.3413357672866,42.8056749952619
"TH4#24",33.3368347258266,42.7662717952409
"TH4#25",33.3346252519427,42.7281267287317
"TH4#26",33.3358716916265,42.6968212321652
"TH4#27",33.335168532428,42.6666953127873
"TH4#28",33.3355652085487,42.6418291340893
"TH4#29",33.3353414300003,42.6180319699293
"TH4#3",34.3427350947679,46.2643420833555
"TH4#30",33.3354676711227,42.59828481599
"TH4#31",33.3353964541937,42.5794835276794
"TH4#32",33.3354366300958,42.5638046843718
"TH4#33",33.3354139654972,42.5489479830432
"TH4#34",33.3354267513714,42.5365015745896
"TH4#35",33.3354195384231,42.5247600430764
"TH4#36",33.3354236074936,42.5148813257318
"TH4#37",33.3354213119919,42.5056004241629
"TH4#38",33.3354226069628,42.4977609119625
"TH4#39",33.3354218764255,42.4904239811554
"TH4#4",34.4221861164241,45.8781290348733
"TH4#40",33.3354222885466,42.484203635016
"TH4#41",33.335422056055,42.4784027592941
"TH4#42",33.3354221872114,42.4734678205995
"TH4#43",33.3354221132216,42.4688808719687
"TH4#44",33.3354221549618,42.4649662036082
"TH4#45",33.3354221314147,42.4613387496894
"TH4#46",33.3354221446984,42.4582337742466
"TH4#47",33.3354221372047,42.4553648148372
"TH4#5",34.5579518484905,45.4684387431017
"TH4#6",34.4114625962991,45.1604492817536
"TH4#7",34.3673638848368,44.8377914950264
"TH4#8",32.2949908590307,44.5923120181177
"TH4#9",32.3366400305187,44.3381045733956
